commission_id,employee_id,loan_id,commission_amount,commission_date
1,1,7000,1268.3,2026-05-14
2,1,7001,429.34,2026-05-14
3,1,7002,1774.82,2026-05-14
4,1,7003,2332.9,2026-05-14
5,1,7004,1876.08,2026-05-14
6,1,7005,1040.32,2026-05-14
7,1,7006,2035.14,2026-05-14
8,1,7007,1049.04,2026-05-14
9,1,7008,819.02,2026-05-14
10,1,7009,1910.26,2026-05-14
11,1,7010,2494.92,2026-05-14
12,1,7011,237.72,2026-05-14
13,1,7012,973.92,2026-05-14
14,1,7013,1506.98,2026-05-14
15,1,7014,2152.06,2026-05-14
16,1,7015,1318.04,2026-05-14
17,1,7016,534.86,2026-05-14
18,1,7017,486.96,2026-05-14
19,1,7018,1767.02,2026-05-14
20,1,7019,2088.2,2026-05-14
21,1,7020,102.3,2026-05-14
22,1,7021,1397.5,2026-05-14
23,1,7022,1921.96,2026-05-14
24,1,7023,253.66,2026-05-14
25,1,7024,969.26,2026-05-14
26,1,7025,1640.7,2026-05-14
27,1,7026,1363.06,2026-05-14
28,1,7027,2099.08,2026-05-14
29,1,7028,423.82,2026-05-14
30,1,7029,2173.74,2026-05-14
31,1,7030,1722.46,2026-05-14
32,1,7031,1445.92,2026-05-14
33,1,7032,122.74,2026-05-14
34,1,7033,1102.04,2026-05-14
35,1,7034,208.54,2026-05-14
36,1,7035,1157.4,2026-05-14
37,1,7036,1569.84,2026-05-14
38,1,7037,695.24,2026-05-14
39,1,7038,1966.0,2026-05-14
40,1,7039,2711.42,2026-05-14
41,1,7040,1822.54,2026-05-14
42,1,7041,1369.78,2026-05-14
43,1,7042,1242.84,2026-05-14
44,1,7043,1296.18,2026-05-14
45,1,7044,2227.2,2026-05-14
46,1,7045,1933.4,2026-05-14
47,2,7046,1298.58,2026-05-14
48,2,7047,446.7,2026-05-14
49,2,7048,554.42,2026-05-14
50,2,7049,617.46,2026-05-14
51,2,7050,2254.38,2026-05-14
52,2,7051,808.3,2026-05-14
53,2,7052,1164.92,2026-05-14
54,2,7053,1952.64,2026-05-14
55,2,7054,944.16,2026-05-14
56,2,7055,828.08,2026-05-14
57,2,7056,181.5,2026-05-14
58,2,7057,1072.12,2026-05-14
59,2,7058,770.34,2026-05-14
60,2,7059,2151.52,2026-05-14
61,2,7060,2271.98,2026-05-14
62,2,7061,210.98,2026-05-14
63,2,7062,1605.76,2026-05-14
64,2,7063,1484.12,2026-05-14
65,2,7064,2375.36,2026-05-14
66,2,7065,174.44,2026-05-14
67,2,7066,1834.36,2026-05-14
68,2,7067,857.94,2026-05-14
69,2,7068,1945.56,2026-05-14
70,2,7069,393.1,2026-05-14
71,2,7070,1110.42,2026-05-14
72,2,7071,1005.94,2026-05-14
73,2,7072,176.8,2026-05-14
74,2,7073,718.36,2026-05-14
75,2,7074,2070.78,2026-05-14
76,2,7075,797.1,2026-05-14
77,2,7076,579.46,2026-05-14
78,2,7077,2035.66,2026-05-14
79,2,7078,617.9,2026-05-14
80,2,7079,2467.8,2026-05-14
81,2,7080,2607.9,2026-05-14
82,2,7081,2590.58,2026-05-14
83,2,7082,257.42,2026-05-14
84,2,7083,2781.48,2026-05-14
85,2,7084,383.36,2026-05-14
86,2,7085,321.4,2026-05-14
87,2,7086,616.72,2026-05-14
88,2,7087,624.72,2026-05-14
89,2,7088,2132.46,2026-05-14
90,2,7089,760.8,2026-05-14
91,2,7090,1991.24,2026-05-14
92,2,7091,181.74,2026-05-14
93,2,7092,1226.96,2026-05-14
94,2,7093,1207.82,2026-05-14
95,2,7094,693.54,2026-05-14
96,2,7095,1718.32,2026-05-14
97,2,7096,2008.78,2026-05-14
98,2,7097,403.76,2026-05-14
99,2,7098,1052.56,2026-05-14
100,2,7099,2216.62,2026-05-14
101,3,7100,134.76,2026-05-14
102,3,7101,1585.0,2026-05-14
103,3,7102,1384.2,2026-05-14
104,3,7103,2067.52,2026-05-14
105,3,7104,1690.38,2026-05-14
106,3,7105,508.6,2026-05-14
107,3,7106,1720.32,2026-05-14
108,3,7107,258.48,2026-05-14
109,3,7108,1706.32,2026-05-14
110,3,7109,1138.98,2026-05-14
111,3,7110,96.18,2026-05-14
112,3,7111,2067.66,2026-05-14
113,3,7112,1884.72,2026-05-14
114,3,7113,1397.42,2026-05-14
115,3,7114,2133.18,2026-05-14
116,3,7115,1860.42,2026-05-14
117,3,7116,537.56,2026-05-14
118,3,7117,1274.94,2026-05-14
119,3,7118,1853.56,2026-05-14
120,3,7119,812.46,2026-05-14
121,3,7120,167.86,2026-05-14
122,3,7121,1756.56,2026-05-14
123,3,7122,2278.86,2026-05-14
124,3,7123,2039.14,2026-05-14
125,3,7124,2120.06,2026-05-14
126,3,7125,736.08,2026-05-14
127,3,7126,1940.3,2026-05-14
128,3,7127,1989.78,2026-05-14
129,3,7128,644.12,2026-05-14
130,3,7129,1177.04,2026-05-14
131,3,7130,2395.8,2026-05-14
132,3,7131,1601.98,2026-05-14
133,3,7132,1003.48,2026-05-14
134,3,7133,936.66,2026-05-14
135,16,7134,2239.4,2026-05-14
136,16,7135,2320.58,2026-05-14
137,16,7136,1594.56,2026-05-14
138,16,7137,859.88,2026-05-14
139,16,7138,1650.16,2026-05-14
140,16,7139,2900.66,2026-05-14
141,16,7140,2128.2,2026-05-14
142,16,7141,722.78,2026-05-14
143,16,7142,404.42,2026-05-14
144,16,7143,1378.56,2026-05-14
145,16,7144,1426.82,2026-05-14
146,16,7145,2581.32,2026-05-14
147,16,7146,1053.34,2026-05-14
148,16,7147,456.82,2026-05-14
149,16,7148,474.96,2026-05-14
150,16,7149,783.3,2026-05-14
151,16,7150,758.52,2026-05-14
152,16,7151,2590.38,2026-05-14
153,16,7152,931.62,2026-05-14
154,16,7153,1267.84,2026-05-14
155,16,7154,2326.22,2026-05-14
156,16,7155,864.86,2026-05-14
157,16,7156,920.26,2026-05-14
158,16,7157,1853.3,2026-05-14
159,16,7158,978.3,2026-05-14
160,16,7159,1455.94,2026-05-14
161,16,7160,1858.08,2026-05-14
162,16,7161,735.48,2026-05-14
163,16,7162,422.2,2026-05-14
164,16,7163,2079.36,2026-05-14
165,16,7164,556.96,2026-05-14
166,16,7165,748.26,2026-05-14
167,16,7166,366.64,2026-05-14
168,16,7167,725.32,2026-05-14
169,17,7168,2006.74,2026-05-14
170,17,7169,409.58,2026-05-14
171,17,7170,2286.22,2026-05-14
172,17,7171,1121.3,2026-05-14
173,17,7172,1266.0,2026-05-14
174,17,7173,1804.52,2026-05-14
175,17,7174,634.9,2026-05-14
176,17,7175,2502.72,2026-05-14
177,17,7176,1010.4,2026-05-14
178,17,7177,1759.0,2026-05-14
179,17,7178,1487.76,2026-05-14
180,17,7179,1886.48,2026-05-14
181,17,7180,954.72,2026-05-14
182,17,7181,2552.42,2026-05-14
183,17,7182,1087.68,2026-05-14
184,17,7183,1941.62,2026-05-14
185,17,7184,1473.08,2026-05-14
186,17,7185,783.06,2026-05-14
187,17,7186,2149.44,2026-05-14
188,17,7187,2185.42,2026-05-14
189,17,7188,1075.62,2026-05-14
190,17,7189,1182.04,2026-05-14
191,17,7190,653.96,2026-05-14
192,17,7191,802.0,2026-05-14
193,17,7192,1798.14,2026-05-14
194,17,7193,451.4,2026-05-14
195,17,7194,309.0,2026-05-14
196,17,7195,1464.04,2026-05-14
197,17,7196,1981.14,2026-05-14
198,17,7197,2650.7,2026-05-14
199,17,7198,2200.36,2026-05-14
200,17,7199,1358.54,2026-05-14
201,17,7200,301.4,2026-05-14
202,17,7201,1520.72,2026-05-14
203,17,7202,2018.44,2026-05-14
204,17,7203,854.28,2026-05-14
205,17,7204,1160.46,2026-05-14
206,17,7205,1748.12,2026-05-14
207,17,7206,792.74,2026-05-14
208,17,7207,2186.02,2026-05-14
209,17,7208,1466.86,2026-05-14
210,17,7209,879.32,2026-05-14
211,17,7210,878.88,2026-05-14
212,17,7211,199.74,2026-05-14
213,17,7212,1032.6,2026-05-14
214,17,7213,1708.54,2026-05-14
215,17,7214,2731.16,2026-05-14
216,17,7215,230.72,2026-05-14
217,17,7216,1143.12,2026-05-14
218,17,7217,1075.76,2026-05-14
219,22,7218,2273.16,2026-05-14
220,22,7219,2648.24,2026-05-14
221,22,7220,371.68,2026-05-14
222,22,7221,2022.16,2026-05-14
223,22,7222,489.2,2026-05-14
224,22,7223,1143.98,2026-05-14
225,22,7224,503.58,2026-05-14
226,22,7225,2033.74,2026-05-14
227,22,7226,2693.86,2026-05-14
228,22,7227,993.86,2026-05-14
229,22,7228,1432.9,2026-05-14
230,22,7229,2251.36,2026-05-14
231,22,7230,2169.7,2026-05-14
232,22,7231,780.44,2026-05-14
233,22,7232,2521.02,2026-05-14
234,22,7233,2070.62,2026-05-14
235,22,7234,480.92,2026-05-14
236,22,7235,973.38,2026-05-14
237,22,7236,1022.72,2026-05-14
238,22,7237,667.88,2026-05-14
239,22,7238,449.78,2026-05-14
240,22,7239,881.8,2026-05-14
241,22,7240,318.32,2026-05-14
242,22,7241,2449.34,2026-05-14
243,22,7242,2235.62,2026-05-14
244,22,7243,927.44,2026-05-14
245,22,7244,2421.6,2026-05-14
246,22,7245,134.48,2026-05-14
247,22,7246,100.48,2026-05-14
248,22,7247,966.86,2026-05-14
249,22,7248,815.04,2026-05-14
250,22,7249,2229.32,2026-05-14
251,22,7250,697.7,2026-05-14
252,22,7251,1298.92,2026-05-14
253,22,7252,1016.46,2026-05-14
254,22,7253,1967.68,2026-05-14
255,22,7254,2070.88,2026-05-14
256,22,7255,2141.56,2026-05-14
257,22,7256,999.34,2026-05-14
258,22,7257,693.06,2026-05-14
259,22,7258,2370.58,2026-05-14
260,22,7259,2008.44,2026-05-14
261,22,7260,1245.5,2026-05-14
262,22,7261,1612.5,2026-05-14
263,43,7262,1344.44,2026-05-14
264,43,7263,2472.24,2026-05-14
265,43,7264,597.28,2026-05-14
266,43,7265,1578.88,2026-05-14
267,43,7266,1784.34,2026-05-14
268,43,7267,2117.64,2026-05-14
269,43,7268,1795.74,2026-05-14
270,43,7269,927.34,2026-05-14
271,43,7270,1745.84,2026-05-14
272,43,7271,307.68,2026-05-14
273,43,7272,1800.32,2026-05-14
274,43,7273,1306.84,2026-05-14
275,43,7274,2364.32,2026-05-14
276,43,7275,1700.76,2026-05-14
277,43,7276,529.12,2026-05-14
278,43,7277,326.7,2026-05-14
279,43,7278,1443.36,2026-05-14
280,43,7279,1304.32,2026-05-14
281,43,7280,1705.64,2026-05-14
282,43,7281,587.22,2026-05-14
283,43,7282,726.74,2026-05-14
284,43,7283,2382.84,2026-05-14
285,43,7284,1835.8,2026-05-14
286,43,7285,1159.26,2026-05-14
287,43,7286,460.86,2026-05-14
288,43,7287,1203.74,2026-05-14
289,43,7288,2042.84,2026-05-14
290,43,7289,876.0,2026-05-14
291,43,7290,1219.54,2026-05-14
292,43,7291,992.7,2026-05-14
293,43,7292,2168.08,2026-05-14
294,43,7293,2947.66,2026-05-14
295,43,7294,481.12,2026-05-14
296,56,7295,1221.92,2026-05-14
297,56,7296,1097.28,2026-05-14
298,56,7297,386.66,2026-05-14
299,56,7298,953.94,2026-05-14
300,56,7299,2148.32,2026-05-14
301,56,7300,248.74,2026-05-14
302,56,7301,209.0,2026-05-14
303,56,7302,2133.1,2026-05-14
304,56,7303,1637.64,2026-05-14
305,56,7304,813.56,2026-05-14
306,56,7305,1050.8,2026-05-14
307,56,7306,2255.74,2026-05-14
308,56,7307,959.02,2026-05-14
309,56,7308,612.58,2026-05-14
310,56,7309,2014.46,2026-05-14
311,56,7310,165.18,2026-05-14
312,56,7311,2374.8,2026-05-14
313,56,7312,280.06,2026-05-14
314,56,7313,951.12,2026-05-14
315,56,7314,2645.18,2026-05-14
316,56,7315,2368.34,2026-05-14
317,56,7316,2703.74,2026-05-14
318,56,7317,1609.9,2026-05-14
319,56,7318,1392.08,2026-05-14
320,56,7319,1621.48,2026-05-14
321,56,7320,1043.28,2026-05-14
322,56,7321,2116.54,2026-05-14
323,56,7322,2388.7,2026-05-14
324,56,7323,345.8,2026-05-14
325,56,7324,1697.66,2026-05-14
326,56,7325,2505.1,2026-05-14
327,56,7326,1306.88,2026-05-14
328,56,7327,240.06,2026-05-14
329,56,7328,1530.56,2026-05-14
330,56,7329,1293.04,2026-05-14
331,56,7330,946.92,2026-05-14
332,56,7331,1625.62,2026-05-14
333,56,7332,2277.32,2026-05-14
334,56,7333,363.4,2026-05-14
335,56,7334,804.88,2026-05-14
336,56,7335,2265.58,2026-05-14
337,56,7336,1260.86,2026-05-14
338,56,7337,530.32,2026-05-14
339,56,7338,2646.0,2026-05-14
340,56,7339,1584.04,2026-05-14
341,56,7340,1788.42,2026-05-14
342,61,7341,801.66,2026-05-14
343,61,7342,1959.06,2026-05-14
344,61,7343,1171.42,2026-05-14
345,61,7344,1761.64,2026-05-14
346,61,7345,1367.92,2026-05-14
347,61,7346,2717.82,2026-05-14
348,61,7347,1947.62,2026-05-14
349,61,7348,567.78,2026-05-14
350,61,7349,1750.86,2026-05-14
351,61,7350,1106.26,2026-05-14
352,61,7351,177.34,2026-05-14
353,61,7352,2312.44,2026-05-14
354,61,7353,2494.22,2026-05-14
355,61,7354,465.54,2026-05-14
356,61,7355,772.42,2026-05-14
357,61,7356,1479.56,2026-05-14
358,61,7357,209.1,2026-05-14
359,61,7358,149.8,2026-05-14
360,61,7359,1919.46,2026-05-14
361,61,7360,936.24,2026-05-14
362,61,7361,2485.88,2026-05-14
363,61,7362,1904.82,2026-05-14
364,61,7363,1134.2,2026-05-14
365,61,7364,172.2,2026-05-14
366,61,7365,1728.74,2026-05-14
367,61,7366,643.8,2026-05-14
368,61,7367,2122.78,2026-05-14
369,61,7368,903.8,2026-05-14
370,61,7369,2114.86,2026-05-14
371,61,7370,1119.44,2026-05-14
372,61,7371,965.32,2026-05-14
373,61,7372,987.56,2026-05-14
374,61,7373,802.68,2026-05-14
375,61,7374,1267.3,2026-05-14
376,61,7375,1934.86,2026-05-14
377,61,7376,1285.02,2026-05-14
378,63,7377,2613.64,2026-05-14
379,63,7378,1158.7,2026-05-14
380,63,7379,1477.54,2026-05-14
381,63,7380,2142.28,2026-05-14
382,63,7381,877.0,2026-05-14
383,63,7382,1312.76,2026-05-14
384,63,7383,1508.44,2026-05-14
385,63,7384,2785.68,2026-05-14
386,63,7385,1941.62,2026-05-14
387,63,7386,1754.62,2026-05-14
388,63,7387,2375.84,2026-05-14
389,63,7388,1509.36,2026-05-14
390,63,7389,1945.74,2026-05-14
391,63,7390,2852.66,2026-05-14
392,63,7391,1212.58,2026-05-14
393,63,7392,497.72,2026-05-14
394,63,7393,2158.9,2026-05-14
395,63,7394,2212.6,2026-05-14
396,63,7395,2674.16,2026-05-14
397,63,7396,2651.16,2026-05-14
398,63,7397,2724.86,2026-05-14
399,63,7398,149.92,2026-05-14
400,63,7399,513.14,2026-05-14
401,63,7400,917.62,2026-05-14
402,63,7401,767.56,2026-05-14
403,63,7402,1915.18,2026-05-14
404,63,7403,971.66,2026-05-14
405,63,7404,895.42,2026-05-14
406,63,7405,919.48,2026-05-14
407,63,7406,1496.38,2026-05-14
408,63,7407,694.4,2026-05-14
409,63,7408,1017.6,2026-05-14
410,63,7409,520.4,2026-05-14
411,63,7410,1740.52,2026-05-14
412,63,7411,2851.1,2026-05-14
413,63,7412,1394.6,2026-05-14
414,63,7413,918.02,2026-05-14
415,63,7414,445.58,2026-05-14
416,63,7415,1843.74,2026-05-14
417,63,7416,2428.24,2026-05-14
418,63,7417,1506.02,2026-05-14
419,63,7418,2116.1,2026-05-14
420,63,7419,2222.78,2026-05-14
