loan_id,finance_id,loan_number,disbursed_amount,interest_rate,tenure_months,installment_amount,disbursement_date,maturity_date,loan_status,outstanding_balance,dpd,created_at
7000,5000,LN5000,63415,16,36,1891.69,2026-05-09,2026-06-08,Active,6182,0,2026-05-09
7001,5001,LN5001,21467,12,36,669.39,2026-05-09,2026-06-08,Closed,19990,0,2026-05-09
7002,5002,LN5002,88741,16,48,1919.02,2026-05-09,2026-06-08,Active,47579,0,2026-05-09
7003,5003,LN5003,116645,12,48,2946.94,2026-05-09,2026-06-08,Closed,75411,0,2026-05-09
7004,5004,LN5004,93804,18,36,3075.86,2026-05-09,2026-06-08,Active,97373,0,2026-05-09
7005,5005,LN5005,52016,16,6,10183.0,2026-05-09,2026-06-08,Active,38808,0,2026-05-09
7006,5006,LN5006,101757,12,60,2023.18,2026-05-09,2026-06-08,Closed,61440,0,2026-05-09
7007,5007,LN5007,52452,20,60,1115.23,2026-05-09,2026-06-08,Delayed,3570,-29,2026-05-09
7008,5008,LN5008,40951,12,48,960.4,2026-05-09,2026-06-08,Active,14726,0,2026-05-09
7009,5009,LN5009,95513,14,48,2020.17,2026-05-09,2026-06-08,Closed,49260,0,2026-05-09
7010,5010,LN5010,124746,22,24,6105.08,2026-05-09,2026-06-08,Active,111885,0,2026-05-09
7011,5011,LN5011,11886,14,48,296.08,2026-05-09,2026-06-08,Active,5243,0,2026-05-09
7012,5012,LN5012,48696,22,12,4875.92,2026-05-09,2026-06-08,Active,23988,0,2026-05-09
7013,5013,LN5013,75349,18,48,2005.4,2026-05-09,2026-06-08,Active,87410,0,2026-05-09
7014,5014,LN5014,107603,16,6,22169.33,2026-05-09,2026-06-08,Closed,73864,0,2026-05-09
7015,5015,LN5015,65902,18,18,4469.17,2026-05-09,2026-06-08,Active,43223,0,2026-05-09
7016,5016,LN5016,26743,14,36,1032.42,2026-05-09,2026-06-08,Delayed,13316,-29,2026-05-09
7017,5017,LN5017,24348,12,12,2791.75,2026-05-09,2026-06-08,Closed,29436,0,2026-05-09
7018,5018,LN5018,88351,16,48,2427.6,2026-05-09,2026-06-08,Closed,101248,0,2026-05-09
7019,5019,LN5019,104410,16,12,10661.5,2026-05-09,2026-06-08,Active,69171,0,2026-05-09
7020,5020,LN5020,5115,18,48,139.56,2026-05-09,2026-06-08,Active,96,0,2026-05-09
7021,5021,LN5021,69875,18,60,1415.23,2026-05-09,2026-06-08,Active,2590,0,2026-05-09
7022,5022,LN5022,96098,20,6,19119.67,2026-05-09,2026-06-08,Active,94528,0,2026-05-09
7023,5023,LN5023,12683,22,48,359.81,2026-05-09,2026-06-08,Active,14664,0,2026-05-09
7024,5024,LN5024,48463,14,18,3339.22,2026-05-09,2026-06-08,Active,11183,0,2026-05-09
7025,5025,LN5025,82035,16,60,1670.7,2026-05-09,2026-06-08,Active,38802,0,2026-05-09
7026,5026,LN5026,68153,22,24,3221.58,2026-05-09,2026-06-08,Active,2404,0,2026-05-09
7027,5027,LN5027,104954,20,24,4496.62,2026-05-09,2026-06-08,Delayed,23596,-29,2026-05-09
7028,5028,LN5028,21191,18,36,639.25,2026-05-09,2026-06-08,Active,3067,0,2026-05-09
7029,5029,LN5029,108687,16,48,2308.83,2026-05-09,2026-06-08,Active,98723,0,2026-05-09
7030,5030,LN5030,86123,12,18,6639.33,2026-05-09,2026-06-08,Active,110060,0,2026-05-09
7031,5031,LN5031,72296,22,6,12768.0,2026-05-09,2026-06-08,Active,30734,0,2026-05-09
7032,5032,LN5032,6137,16,6,1387.83,2026-05-09,2026-06-08,Active,5979,0,2026-05-09
7033,5033,LN5033,55102,18,60,1028.12,2026-05-09,2026-06-08,Active,18586,0,2026-05-09
7034,5034,LN5034,10427,20,24,605.79,2026-05-09,2026-06-08,Active,8196,0,2026-05-09
7035,5035,LN5035,57870,14,24,2506.25,2026-05-09,2026-06-08,Active,59536,0,2026-05-09
7036,5036,LN5036,78492,22,6,17008.67,2026-05-09,2026-06-08,Active,36163,0,2026-05-09
7037,5037,LN5037,34762,12,18,2684.11,2026-05-09,2026-06-08,Active,6934,0,2026-05-09
7038,5038,LN5038,98300,22,36,3108.69,2026-05-09,2026-06-08,Active,48006,0,2026-05-09
7039,5039,LN5039,135571,12,36,3802.61,2026-05-09,2026-06-08,Active,11117,0,2026-05-09
7040,5040,LN5040,91127,12,18,6656.89,2026-05-09,2026-06-08,Active,88018,0,2026-05-09
7041,5041,LN5041,68489,20,12,5759.25,2026-05-09,2026-06-08,Closed,11405,0,2026-05-09
7042,5042,LN5042,62142,22,60,1300.73,2026-05-09,2026-06-08,Active,25078,0,2026-05-09
7043,5043,LN5043,64809,20,18,3722.17,2026-05-09,2026-06-08,Active,52029,0,2026-05-09
7044,5044,LN5044,111360,22,36,4092.83,2026-05-09,2026-06-08,Active,138194,0,2026-05-09
7045,5045,LN5045,96670,18,24,4975.46,2026-05-09,2026-06-08,Delayed,72926,-29,2026-05-09
7046,5046,LN5046,64929,18,6,12356.17,2026-05-09,2026-06-08,Active,20773,0,2026-05-09
7047,5047,LN5047,22335,14,12,1871.08,2026-05-09,2026-06-08,Active,19327,0,2026-05-09
7048,5048,LN5048,27721,20,12,2332.17,2026-05-09,2026-06-08,Active,21395,0,2026-05-09
7049,5049,LN5049,30873,16,24,1583.96,2026-05-09,2026-06-08,Active,4954,0,2026-05-09
7050,5050,LN5050,112719,12,60,2242.28,2026-05-09,2026-06-08,Active,99261,0,2026-05-09
7051,5051,LN5051,40415,12,24,1823.88,2026-05-09,2026-06-08,Closed,14655,0,2026-05-09
7052,5052,LN5052,58246,18,24,2778.08,2026-05-09,2026-06-08,Active,15599,0,2026-05-09
7053,5053,LN5053,97632,22,48,2470.83,2026-05-09,2026-06-08,Active,57382,0,2026-05-09
7054,5054,LN5054,47208,18,6,8057.0,2026-05-09,2026-06-08,Delayed,8969,-29,2026-05-09
7055,5055,LN5055,41404,16,24,1818.54,2026-05-09,2026-06-08,Active,30056,0,2026-05-09
7056,5056,LN5056,9075,12,18,606.39,2026-05-09,2026-06-08,Active,6037,0,2026-05-09
7057,5057,LN5057,53606,18,36,1889.44,2026-05-09,2026-06-08,Closed,50363,0,2026-05-09
7058,5058,LN5058,38517,20,48,830.21,2026-05-09,2026-06-08,Closed,18775,0,2026-05-09
7059,5059,LN5059,107576,22,18,6700.5,2026-05-09,2026-06-08,Closed,95960,0,2026-05-09
7060,5060,LN5060,113599,22,60,2319.08,2026-05-09,2026-06-08,Active,65967,0,2026-05-09
7061,5061,LN5061,10549,14,36,414.03,2026-05-09,2026-06-08,Closed,8581,0,2026-05-09
7062,5062,LN5062,80288,22,24,3701.83,2026-05-09,2026-06-08,Active,53821,0,2026-05-09
7063,5063,LN5063,74206,18,6,17079.67,2026-05-09,2026-06-08,Closed,24660,0,2026-05-09
7064,5064,LN5064,118768,20,60,2356.23,2026-05-09,2026-06-08,Delayed,111148,-29,2026-05-09
7065,5065,LN5065,8722,20,18,488.22,2026-05-09,2026-06-08,Active,8402,0,2026-05-09
7066,5066,LN5066,91718,14,18,5152.44,2026-05-09,2026-06-08,Active,17310,0,2026-05-09
7067,5067,LN5067,42897,20,6,10099.33,2026-05-09,2026-06-08,Closed,44640,0,2026-05-09
7068,5068,LN5068,97278,18,48,2425.44,2026-05-09,2026-06-08,Active,114592,0,2026-05-09
7069,5069,LN5069,19655,12,18,1147.0,2026-05-09,2026-06-08,Active,14693,0,2026-05-09
7070,5070,LN5070,55521,18,6,9809.33,2026-05-09,2026-06-08,Active,52417,0,2026-05-09
7071,5071,LN5071,50297,12,18,3656.22,2026-05-09,2026-06-08,Active,46802,0,2026-05-09
7072,5072,LN5072,8840,14,24,453.96,2026-05-09,2026-06-08,Closed,387,0,2026-05-09
7073,5073,LN5073,35918,16,12,3765.08,2026-05-09,2026-06-08,Closed,9067,0,2026-05-09
7074,5074,LN5074,103539,20,12,11403.08,2026-05-09,2026-06-08,Active,15288,0,2026-05-09
7075,5075,LN5075,39855,14,6,8614.5,2026-05-09,2026-06-08,Closed,19218,0,2026-05-09
7076,5076,LN5076,28973,14,48,636.6,2026-05-09,2026-06-08,Closed,8683,0,2026-05-09
7077,5077,LN5077,101783,22,12,11145.08,2026-05-09,2026-06-08,Active,66106,0,2026-05-09
7078,5078,LN5078,30895,18,36,1159.08,2026-05-09,2026-06-08,Closed,11357,0,2026-05-09
7079,5079,LN5079,123390,22,18,7683.33,2026-05-09,2026-06-08,Active,95985,0,2026-05-09
7080,5080,LN5080,130395,18,36,3842.14,2026-05-09,2026-06-08,Active,27590,0,2026-05-09
7081,5081,LN5081,129529,16,18,7961.44,2026-05-09,2026-06-08,Active,84329,0,2026-05-09
7082,5082,LN5082,12871,16,48,298.81,2026-05-09,2026-06-08,Active,12894,0,2026-05-09
7083,5083,LN5083,139074,12,18,7971.72,2026-05-09,2026-06-08,Active,33796,0,2026-05-09
7084,5084,LN5084,19168,12,24,993.25,2026-05-09,2026-06-08,Closed,2567,0,2026-05-09
7085,5085,LN5085,16070,18,24,804.75,2026-05-09,2026-06-08,Active,5557,0,2026-05-09
7086,5086,LN5086,30836,22,24,1666.96,2026-05-09,2026-06-08,Active,15442,0,2026-05-09
7087,5087,LN5087,31236,18,24,1829.88,2026-05-09,2026-06-08,Active,14287,0,2026-05-09
7088,5088,LN5088,106623,18,36,3505.08,2026-05-09,2026-06-08,Delayed,65419,-29,2026-05-09
7089,5089,LN5089,38040,20,18,2222.89,2026-05-09,2026-06-08,Delayed,26951,-29,2026-05-09
7090,5090,LN5090,99562,18,18,5931.5,2026-05-09,2026-06-08,Closed,25710,0,2026-05-09
7091,5091,LN5091,9087,14,24,528.12,2026-05-09,2026-06-08,Delayed,5220,-29,2026-05-09
7092,5092,LN5092,61348,18,36,1832.78,2026-05-09,2026-06-08,Active,923,0,2026-05-09
7093,5093,LN5093,60391,22,36,1942.69,2026-05-09,2026-06-08,Active,39610,0,2026-05-09
7094,5094,LN5094,34677,18,18,2219.39,2026-05-09,2026-06-08,Closed,30723,0,2026-05-09
7095,5095,LN5095,85916,22,36,2567.17,2026-05-09,2026-06-08,Active,2592,0,2026-05-09
7096,5096,LN5096,100439,20,36,3972.81,2026-05-09,2026-06-08,Active,117943,0,2026-05-09
7097,5097,LN5097,20188,12,60,391.77,2026-05-09,2026-06-08,Delayed,1247,-29,2026-05-09
7098,5098,LN5098,52628,18,18,3240.0,2026-05-09,2026-06-08,Active,30167,0,2026-05-09
7099,5099,LN5099,110831,14,18,8310.06,2026-05-09,2026-06-08,Active,135329,0,2026-05-09
7100,5100,LN5100,6738,12,12,593.5,2026-05-09,2026-06-08,Active,3723,0,2026-05-09
7101,5101,LN5101,79250,22,60,1392.68,2026-05-09,2026-06-08,Active,57738,0,2026-05-09
7102,5102,LN5102,69210,20,12,6193.83,2026-05-09,2026-06-08,Closed,9409,0,2026-05-09
7103,5103,LN5103,103376,20,6,20188.33,2026-05-09,2026-06-08,Closed,54007,0,2026-05-09
7104,5104,LN5104,84519,12,12,8041.33,2026-05-09,2026-06-08,Active,57275,0,2026-05-09
7105,5105,LN5105,25430,12,6,4524.5,2026-05-09,2026-06-08,Delayed,1261,-29,2026-05-09
7106,5106,LN5106,86016,18,6,16775.67,2026-05-09,2026-06-08,Delayed,89668,-29,2026-05-09
7107,5107,LN5107,12924,20,36,445.33,2026-05-09,2026-06-08,Active,12610,0,2026-05-09
7108,5108,LN5108,85316,18,60,1557.88,2026-05-09,2026-06-08,Delayed,66246,-29,2026-05-09
7109,5109,LN5109,56949,20,36,1831.94,2026-05-09,2026-06-08,Active,42260,0,2026-05-09
7110,5110,LN5110,4809,16,6,940.17,2026-05-09,2026-06-08,Delayed,4350,-29,2026-05-09
7111,5111,LN5111,103383,18,60,2036.15,2026-05-09,2026-06-08,Delayed,64440,-29,2026-05-09
7112,5112,LN5112,94236,20,24,4571.75,2026-05-09,2026-06-08,Active,593,0,2026-05-09
7113,5113,LN5113,69871,14,60,1405.9,2026-05-09,2026-06-08,Closed,72087,0,2026-05-09
7114,5114,LN5114,106659,18,48,2329.81,2026-05-09,2026-06-08,Active,30974,0,2026-05-09
7115,5115,LN5115,93021,12,60,1711.95,2026-05-09,2026-06-08,Active,62039,0,2026-05-09
7116,5116,LN5116,26878,16,12,2737.92,2026-05-09,2026-06-08,Active,31089,0,2026-05-09
7117,5117,LN5117,63747,14,36,2123.22,2026-05-09,2026-06-08,Active,52906,0,2026-05-09
7118,5118,LN5118,92678,12,48,2580.52,2026-05-09,2026-06-08,Delayed,59993,-29,2026-05-09
7119,5119,LN5119,40623,16,48,1032.21,2026-05-09,2026-06-08,Closed,22237,0,2026-05-09
7120,5120,LN5120,8393,14,36,293.78,2026-05-09,2026-06-08,Closed,8012,0,2026-05-09
7121,5121,LN5121,87828,14,60,1891.15,2026-05-09,2026-06-08,Active,85792,0,2026-05-09
7122,5122,LN5122,113943,18,60,2036.82,2026-05-09,2026-06-08,Active,6568,0,2026-05-09
7123,5123,LN5123,101957,16,48,2712.0,2026-05-09,2026-06-08,Active,76983,0,2026-05-09
7124,5124,LN5124,106003,20,36,3517.31,2026-05-09,2026-06-08,Active,3407,0,2026-05-09
7125,5125,LN5125,36804,22,60,704.78,2026-05-09,2026-06-08,Active,36318,0,2026-05-09
7126,5126,LN5126,97015,18,48,2432.17,2026-05-09,2026-06-08,Active,61132,0,2026-05-09
7127,5127,LN5127,99489,14,24,4267.54,2026-05-09,2026-06-08,Active,33649,0,2026-05-09
7128,5128,LN5128,32206,22,6,6468.0,2026-05-09,2026-06-08,Closed,2512,0,2026-05-09
7129,5129,LN5129,58852,22,60,994.9,2026-05-09,2026-06-08,Closed,14010,0,2026-05-09
7130,5130,LN5130,119790,12,18,8062.67,2026-05-09,2026-06-08,Active,56171,0,2026-05-09
7131,5131,LN5131,80099,16,60,1490.28,2026-05-09,2026-06-08,Closed,10623,0,2026-05-09
7132,5132,LN5132,50174,22,6,10139.83,2026-05-09,2026-06-08,Active,43491,0,2026-05-09
7133,5133,LN5133,46833,16,12,4756.67,2026-05-09,2026-06-08,Closed,51770,0,2026-05-09
7134,5134,LN5134,111970,12,12,10065.67,2026-05-09,2026-06-08,Active,75311,0,2026-05-09
7135,5135,LN5135,116029,20,12,10162.33,2026-05-09,2026-06-08,Closed,36047,0,2026-05-09
7136,5136,LN5136,79728,22,60,1329.73,2026-05-09,2026-06-08,Active,59808,0,2026-05-09
7137,5137,LN5137,42994,16,48,1099.44,2026-05-09,2026-06-08,Active,41639,0,2026-05-09
7138,5138,LN5138,82508,14,12,9503.33,2026-05-09,2026-06-08,Active,3210,0,2026-05-09
7139,5139,LN5139,145033,22,60,2463.3,2026-05-09,2026-06-08,Active,133605,0,2026-05-09
7140,5140,LN5140,106410,20,36,3839.47,2026-05-09,2026-06-08,Active,25840,0,2026-05-09
7141,5141,LN5141,36139,12,6,6813.0,2026-05-09,2026-06-08,Active,27469,0,2026-05-09
7142,5142,LN5142,20221,14,18,1197.67,2026-05-09,2026-06-08,Closed,4843,0,2026-05-09
7143,5143,LN5143,68928,18,18,5112.89,2026-05-09,2026-06-08,Delayed,28734,-29,2026-05-09
7144,5144,LN5144,71341,20,6,15231.5,2026-05-09,2026-06-08,Closed,77583,0,2026-05-09
7145,5145,LN5145,129066,14,60,2453.12,2026-05-09,2026-06-08,Closed,72450,0,2026-05-09
7146,5146,LN5146,52667,12,12,5421.17,2026-05-09,2026-06-08,Active,4464,0,2026-05-09
7147,5147,LN5147,22841,20,24,977.38,2026-05-09,2026-06-08,Active,19452,0,2026-05-09
7148,5148,LN5148,23748,12,18,1826.44,2026-05-09,2026-06-08,Delayed,30941,-29,2026-05-09
7149,5149,LN5149,39165,12,60,845.93,2026-05-09,2026-06-08,Closed,3345,0,2026-05-09
7150,5150,LN5150,37926,14,36,1284.75,2026-05-09,2026-06-08,Closed,25131,0,2026-05-09
7151,5151,LN5151,129519,18,6,24166.83,2026-05-09,2026-06-08,Closed,89743,0,2026-05-09
7152,5152,LN5152,46581,16,24,2343.92,2026-05-09,2026-06-08,Closed,48823,0,2026-05-09
7153,5153,LN5153,63392,16,48,1374.29,2026-05-09,2026-06-08,Active,51156,0,2026-05-09
7154,5154,LN5154,116311,18,48,2838.46,2026-05-09,2026-06-08,Active,51565,0,2026-05-09
7155,5155,LN5155,43243,22,60,957.7,2026-05-09,2026-06-08,Active,9650,0,2026-05-09
7156,5156,LN5156,46013,12,48,1303.92,2026-05-09,2026-06-08,Active,12301,0,2026-05-09
7157,5157,LN5157,92665,14,36,2733.94,2026-05-09,2026-06-08,Active,97931,0,2026-05-09
7158,5158,LN5158,48915,16,60,883.43,2026-05-09,2026-06-08,Active,4128,0,2026-05-09
7159,5159,LN5159,72797,20,24,3079.67,2026-05-09,2026-06-08,Active,31938,0,2026-05-09
7160,5160,LN5160,92904,18,12,10611.42,2026-05-09,2026-06-08,Closed,94438,0,2026-05-09
7161,5161,LN5161,36774,16,24,1626.29,2026-05-09,2026-06-08,Active,36402,0,2026-05-09
7162,5162,LN5162,21110,14,6,4603.5,2026-05-09,2026-06-08,Active,13128,0,2026-05-09
7163,5163,LN5163,103968,18,6,19715.0,2026-05-09,2026-06-08,Delayed,60552,-29,2026-05-09
7164,5164,LN5164,27848,14,6,5829.33,2026-05-09,2026-06-08,Active,6812,0,2026-05-09
7165,5165,LN5165,37413,22,60,674.77,2026-05-09,2026-06-08,Active,2956,0,2026-05-09
7166,5166,LN5166,18332,18,6,3152.5,2026-05-09,2026-06-08,Closed,14487,0,2026-05-09
7167,5167,LN5167,36266,14,24,1937.17,2026-05-09,2026-06-08,Active,7051,0,2026-05-09
7168,5168,LN5168,100337,22,6,17897.17,2026-05-09,2026-06-08,Active,69199,0,2026-05-09
7169,5169,LN5169,20479,20,36,583.39,2026-05-09,2026-06-08,Closed,7857,0,2026-05-09
7170,5170,LN5170,114311,12,36,3734.83,2026-05-09,2026-06-08,Closed,34144,0,2026-05-09
7171,5171,LN5171,56065,18,24,2377.46,2026-05-09,2026-06-08,Active,19726,0,2026-05-09
7172,5172,LN5172,63300,14,18,4198.44,2026-05-09,2026-06-08,Delayed,42390,-29,2026-05-09
7173,5173,LN5173,90226,12,12,9672.75,2026-05-09,2026-06-08,Active,87879,0,2026-05-09
7174,5174,LN5174,31745,22,36,1164.39,2026-05-09,2026-06-08,Active,17919,0,2026-05-09
7175,5175,LN5175,125136,22,48,3042.25,2026-05-09,2026-06-08,Delayed,133596,-29,2026-05-09
7176,5176,LN5176,50520,16,18,3484.83,2026-05-09,2026-06-08,Active,62079,0,2026-05-09
7177,5177,LN5177,87950,18,18,6482.56,2026-05-09,2026-06-08,Active,83288,0,2026-05-09
7178,5178,LN5178,74388,16,24,3871.25,2026-05-09,2026-06-08,Active,58593,0,2026-05-09
7179,5179,LN5179,94324,22,24,4584.5,2026-05-09,2026-06-08,Active,97180,0,2026-05-09
7180,5180,LN5180,47736,12,60,890.78,2026-05-09,2026-06-08,Closed,9750,0,2026-05-09
7181,5181,LN5181,127621,14,18,7556.5,2026-05-09,2026-06-08,Active,89975,0,2026-05-09
7182,5182,LN5182,54384,20,18,3220.72,2026-05-09,2026-06-08,Closed,24647,0,2026-05-09
7183,5183,LN5183,97081,18,60,2196.87,2026-05-09,2026-06-08,Closed,78404,0,2026-05-09
7184,5184,LN5184,73654,12,12,8102.08,2026-05-09,2026-06-08,Closed,37096,0,2026-05-09
7185,5185,LN5185,39153,22,6,7138.67,2026-05-09,2026-06-08,Active,20968,0,2026-05-09
7186,5186,LN5186,107472,22,18,6866.67,2026-05-09,2026-06-08,Active,34445,0,2026-05-09
7187,5187,LN5187,109271,22,48,3026.92,2026-05-09,2026-06-08,Active,127503,0,2026-05-09
7188,5188,LN5188,53781,12,6,10020.83,2026-05-09,2026-06-08,Active,36736,0,2026-05-09
7189,5189,LN5189,59102,14,36,1838.64,2026-05-09,2026-06-08,Closed,57695,0,2026-05-09
7190,5190,LN5190,32698,22,48,936.29,2026-05-09,2026-06-08,Active,12569,0,2026-05-09
7191,5191,LN5191,40100,14,24,2105.46,2026-05-09,2026-06-08,Active,16074,0,2026-05-09
7192,5192,LN5192,89907,12,48,2081.6,2026-05-09,2026-06-08,Closed,97567,0,2026-05-09
7193,5193,LN5193,22570,12,60,446.48,2026-05-09,2026-06-08,Active,1023,0,2026-05-09
7194,5194,LN5194,15450,18,6,3398.83,2026-05-09,2026-06-08,Delayed,9631,-29,2026-05-09
7195,5195,LN5195,73202,14,36,2571.25,2026-05-09,2026-06-08,Closed,24992,0,2026-05-09
7196,5196,LN5196,99057,22,24,4923.25,2026-05-09,2026-06-08,Active,54643,0,2026-05-09
7197,5197,LN5197,132535,14,18,7371.61,2026-05-09,2026-06-08,Active,44044,0,2026-05-09
7198,5198,LN5198,110018,22,36,4160.47,2026-05-09,2026-06-08,Closed,37459,0,2026-05-09
7199,5199,LN5199,67927,20,12,7750.67,2026-05-09,2026-06-08,Delayed,72760,-29,2026-05-09
7200,5200,LN5200,15070,18,12,1523.0,2026-05-09,2026-06-08,Delayed,1626,-29,2026-05-09
7201,5201,LN5201,76036,22,18,4920.5,2026-05-09,2026-06-08,Active,86278,0,2026-05-09
7202,5202,LN5202,100922,22,36,3664.44,2026-05-09,2026-06-08,Active,130713,0,2026-05-09
7203,5203,LN5203,42714,22,12,3855.5,2026-05-09,2026-06-08,Active,22326,0,2026-05-09
7204,5204,LN5204,58023,12,24,2568.67,2026-05-09,2026-06-08,Active,40056,0,2026-05-09
7205,5205,LN5205,87406,12,60,1530.37,2026-05-09,2026-06-08,Active,45547,0,2026-05-09
7206,5206,LN5206,39637,16,24,1659.83,2026-05-09,2026-06-08,Closed,31818,0,2026-05-09
7207,5207,LN5207,109301,20,48,2774.9,2026-05-09,2026-06-08,Delayed,63611,-29,2026-05-09
7208,5208,LN5208,73343,22,36,2679.5,2026-05-09,2026-06-08,Active,81555,0,2026-05-09
7209,5209,LN5209,43966,18,60,766.37,2026-05-09,2026-06-08,Closed,34468,0,2026-05-09
7210,5210,LN5210,43944,22,24,1992.46,2026-05-09,2026-06-08,Active,8696,0,2026-05-09
7211,5211,LN5211,9987,12,12,906.92,2026-05-09,2026-06-08,Closed,6758,0,2026-05-09
7212,5212,LN5212,51630,14,60,1191.05,2026-05-09,2026-06-08,Active,8200,0,2026-05-09
7213,5213,LN5213,85427,20,60,2020.2,2026-05-09,2026-06-08,Active,10103,0,2026-05-09
7214,5214,LN5214,136558,18,12,11629.17,2026-05-09,2026-06-08,Active,88725,0,2026-05-09
7215,5215,LN5215,11536,14,48,311.17,2026-05-09,2026-06-08,Active,7668,0,2026-05-09
7216,5216,LN5216,57156,20,12,5782.08,2026-05-09,2026-06-08,Closed,38204,0,2026-05-09
7217,5217,LN5217,53788,18,48,1225.52,2026-05-09,2026-06-08,Active,54190,0,2026-05-09
7218,5218,LN5218,113658,18,60,2332.08,2026-05-09,2026-06-08,Active,20254,0,2026-05-09
7219,5219,LN5219,132412,12,6,23937.17,2026-05-09,2026-06-08,Active,68810,0,2026-05-09
7220,5220,LN5220,18584,20,6,3785.33,2026-05-09,2026-06-08,Active,8865,0,2026-05-09
7221,5221,LN5221,101108,12,12,10270.42,2026-05-09,2026-06-08,Active,121669,0,2026-05-09
7222,5222,LN5222,24460,12,60,527.27,2026-05-09,2026-06-08,Closed,22952,0,2026-05-09
7223,5223,LN5223,57199,14,60,1078.13,2026-05-09,2026-06-08,Active,29620,0,2026-05-09
7224,5224,LN5224,25179,18,36,887.36,2026-05-09,2026-06-08,Active,26798,0,2026-05-09
7225,5225,LN5225,101687,22,6,22248.67,2026-05-09,2026-06-08,Active,131434,0,2026-05-09
7226,5226,LN5226,134693,22,6,24396.83,2026-05-09,2026-06-08,Delayed,111286,-29,2026-05-09
7227,5227,LN5227,49693,20,24,2569.71,2026-05-09,2026-06-08,Closed,29300,0,2026-05-09
7228,5228,LN5228,71645,16,60,1235.97,2026-05-09,2026-06-08,Active,15594,0,2026-05-09
7229,5229,LN5229,112568,12,6,24846.0,2026-05-09,2026-06-08,Active,31466,0,2026-05-09
7230,5230,LN5230,108485,18,18,6361.39,2026-05-09,2026-06-08,Active,58851,0,2026-05-09
7231,5231,LN5231,39022,16,36,1193.92,2026-05-09,2026-06-08,Active,7634,0,2026-05-09
7232,5232,LN5232,126051,20,60,2312.53,2026-05-09,2026-06-08,Active,49638,0,2026-05-09
7233,5233,LN5233,103531,16,24,5746.58,2026-05-09,2026-06-08,Active,23834,0,2026-05-09
7234,5234,LN5234,24046,22,60,568.02,2026-05-09,2026-06-08,Active,32180,0,2026-05-09
7235,5235,LN5235,48669,22,18,2728.22,2026-05-09,2026-06-08,Delayed,37337,-29,2026-05-09
7236,5236,LN5236,51136,18,6,9660.17,2026-05-09,2026-06-08,Delayed,44440,-29,2026-05-09
7237,5237,LN5237,33394,18,6,7567.83,2026-05-09,2026-06-08,Active,7439,0,2026-05-09
7238,5238,LN5238,22489,18,60,389.8,2026-05-09,2026-06-08,Closed,21589,0,2026-05-09
7239,5239,LN5239,44090,12,18,2684.89,2026-05-09,2026-06-08,Active,33291,0,2026-05-09
7240,5240,LN5240,15916,22,36,622.5,2026-05-09,2026-06-08,Active,9839,0,2026-05-09
7241,5241,LN5241,122467,14,24,5802.21,2026-05-09,2026-06-08,Closed,127249,0,2026-05-09
7242,5242,LN5242,111781,20,48,2804.19,2026-05-09,2026-06-08,Active,43409,0,2026-05-09
7243,5243,LN5243,46372,20,60,925.87,2026-05-09,2026-06-08,Active,55539,0,2026-05-09
7244,5244,LN5244,121080,22,36,3548.22,2026-05-09,2026-06-08,Closed,9664,0,2026-05-09
7245,5245,LN5245,6724,16,6,1223.33,2026-05-09,2026-06-08,Active,237,0,2026-05-09
7246,5246,LN5246,5024,16,60,110.58,2026-05-09,2026-06-08,Closed,3975,0,2026-05-09
7247,5247,LN5247,48343,14,36,1905.17,2026-05-09,2026-06-08,Active,41551,0,2026-05-09
7248,5248,LN5248,40752,22,24,2328.54,2026-05-09,2026-06-08,Active,22272,0,2026-05-09
7249,5249,LN5249,111466,12,24,5927.67,2026-05-09,2026-06-08,Closed,39132,0,2026-05-09
7250,5250,LN5250,34885,22,60,768.12,2026-05-09,2026-06-08,Closed,39383,0,2026-05-09
7251,5251,LN5251,64946,16,60,1084.85,2026-05-09,2026-06-08,Closed,12882,0,2026-05-09
7252,5252,LN5252,50823,12,6,9378.67,2026-05-09,2026-06-08,Active,49456,0,2026-05-09
7253,5253,LN5253,98384,22,24,5070.54,2026-05-09,2026-06-08,Active,121388,0,2026-05-09
7254,5254,LN5254,103544,18,24,5265.67,2026-05-09,2026-06-08,Closed,126083,0,2026-05-09
7255,5255,LN5255,107078,14,18,6578.56,2026-05-09,2026-06-08,Active,32257,0,2026-05-09
7256,5256,LN5256,49967,14,36,1538.69,2026-05-09,2026-06-08,Active,45651,0,2026-05-09
7257,5257,LN5257,34653,18,6,6331.0,2026-05-09,2026-06-08,Active,12960,0,2026-05-09
7258,5258,LN5258,118529,18,12,10724.33,2026-05-09,2026-06-08,Active,84255,0,2026-05-09
7259,5259,LN5259,100422,12,12,11126.5,2026-05-09,2026-06-08,Active,5035,0,2026-05-09
7260,5260,LN5260,62275,22,60,1038.0,2026-05-09,2026-06-08,Active,19519,0,2026-05-09
7261,5261,LN5261,80625,20,12,8168.08,2026-05-09,2026-06-08,Active,68222,0,2026-05-09
7262,5262,LN5262,67222,22,6,12673.0,2026-05-09,2026-06-08,Active,34893,0,2026-05-09
7263,5263,LN5263,123612,16,6,22079.17,2026-05-09,2026-06-08,Active,55435,0,2026-05-09
7264,5264,LN5264,29864,18,48,750.31,2026-05-09,2026-06-08,Active,7079,0,2026-05-09
7265,5265,LN5265,78944,20,60,1563.83,2026-05-09,2026-06-08,Closed,29884,0,2026-05-09
7266,5266,LN5266,89217,22,18,5238.22,2026-05-09,2026-06-08,Active,77498,0,2026-05-09
7267,5267,LN5267,105882,20,60,1808.52,2026-05-09,2026-06-08,Active,11413,0,2026-05-09
7268,5268,LN5268,89787,20,18,5702.22,2026-05-09,2026-06-08,Active,93089,0,2026-05-09
7269,5269,LN5269,46367,18,18,3656.39,2026-05-09,2026-06-08,Active,7763,0,2026-05-09
7270,5270,LN5270,87292,22,48,2513.21,2026-05-09,2026-06-08,Closed,60403,0,2026-05-09
7271,5271,LN5271,15384,16,12,1537.17,2026-05-09,2026-06-08,Active,5580,0,2026-05-09
7272,5272,LN5272,90016,14,60,1501.7,2026-05-09,2026-06-08,Closed,73966,0,2026-05-09
7273,5273,LN5273,65342,20,6,11284.83,2026-05-09,2026-06-08,Delayed,57147,-29,2026-05-09
7274,5274,LN5274,118216,18,24,5129.46,2026-05-09,2026-06-08,Delayed,48068,-29,2026-05-09
7275,5275,LN5275,85038,12,24,4357.5,2026-05-09,2026-06-08,Active,19093,0,2026-05-09
7276,5276,LN5276,26456,14,12,2434.67,2026-05-09,2026-06-08,Active,14117,0,2026-05-09
7277,5277,LN5277,16335,14,6,3036.83,2026-05-09,2026-06-08,Active,4918,0,2026-05-09
7278,5278,LN5278,72168,12,18,5653.72,2026-05-09,2026-06-08,Active,51588,0,2026-05-09
7279,5279,LN5279,65216,22,36,2190.31,2026-05-09,2026-06-08,Active,30997,0,2026-05-09
7280,5280,LN5280,85282,16,6,18680.0,2026-05-09,2026-06-08,Active,95962,0,2026-05-09
7281,5281,LN5281,29361,18,24,1673.79,2026-05-09,2026-06-08,Active,25136,0,2026-05-09
7282,5282,LN5282,36337,18,6,7972.67,2026-05-09,2026-06-08,Delayed,26053,-29,2026-05-09
7283,5283,LN5283,119142,14,24,5799.46,2026-05-09,2026-06-08,Closed,124323,0,2026-05-09
7284,5284,LN5284,91790,22,60,2179.52,2026-05-09,2026-06-08,Active,3992,0,2026-05-09
7285,5285,LN5285,57963,14,60,1356.13,2026-05-09,2026-06-08,Active,57298,0,2026-05-09
7286,5286,LN5286,23043,12,6,5441.5,2026-05-09,2026-06-08,Delayed,18485,-29,2026-05-09
7287,5287,LN5287,60187,16,18,3990.39,2026-05-09,2026-06-08,Delayed,16496,-29,2026-05-09
7288,5288,LN5288,102142,22,24,5214.38,2026-05-09,2026-06-08,Closed,92247,0,2026-05-09
7289,5289,LN5289,43800,16,48,1190.69,2026-05-09,2026-06-08,Active,51264,0,2026-05-09
7290,5290,LN5290,60977,12,12,6245.33,2026-05-09,2026-06-08,Active,49480,0,2026-05-09
7291,5291,LN5291,49635,12,48,1040.69,2026-05-09,2026-06-08,Active,15390,0,2026-05-09
7292,5292,LN5292,108404,14,60,2029.05,2026-05-09,2026-06-08,Active,119084,0,2026-05-09
7293,5293,LN5293,147383,16,6,24841.0,2026-05-09,2026-06-08,Delayed,106669,-29,2026-05-09
7294,5294,LN5294,24056,12,48,612.35,2026-05-09,2026-06-08,Active,25514,0,2026-05-09
7295,5295,LN5295,61096,22,12,5215.17,2026-05-09,2026-06-08,Active,52791,0,2026-05-09
7296,5296,LN5296,54864,20,6,12348.0,2026-05-09,2026-06-08,Closed,34720,0,2026-05-09
7297,5297,LN5297,19333,22,12,1670.08,2026-05-09,2026-06-08,Closed,11649,0,2026-05-09
7298,5298,LN5298,47697,18,18,3221.5,2026-05-09,2026-06-08,Closed,14013,0,2026-05-09
7299,5299,LN5299,107416,20,48,2399.88,2026-05-09,2026-06-08,Closed,12506,0,2026-05-09
7300,5300,LN5300,12437,18,12,1342.67,2026-05-09,2026-06-08,Closed,3379,0,2026-05-09
7301,5301,LN5301,10450,16,48,256.83,2026-05-09,2026-06-08,Active,10414,0,2026-05-09
7302,5302,LN5302,106655,20,36,3494.03,2026-05-09,2026-06-08,Delayed,58818,-29,2026-05-09
7303,5303,LN5303,81882,18,36,2935.06,2026-05-09,2026-06-08,Active,18675,0,2026-05-09
7304,5304,LN5304,40678,12,36,1365.39,2026-05-09,2026-06-08,Active,12385,0,2026-05-09
7305,5305,LN5305,52540,14,60,1103.68,2026-05-09,2026-06-08,Active,56002,0,2026-05-09
7306,5306,LN5306,112787,20,60,2121.82,2026-05-09,2026-06-08,Closed,103736,0,2026-05-09
7307,5307,LN5307,47951,20,60,949.08,2026-05-09,2026-06-08,Active,29483,0,2026-05-09
7308,5308,LN5308,30629,14,12,3427.75,2026-05-09,2026-06-08,Active,20607,0,2026-05-09
7309,5309,LN5309,100723,18,18,7910.78,2026-05-09,2026-06-08,Active,88266,0,2026-05-09
7310,5310,LN5310,8259,16,6,1862.17,2026-05-09,2026-06-08,Active,3414,0,2026-05-09
7311,5311,LN5311,118740,12,18,7624.89,2026-05-09,2026-06-08,Active,111752,0,2026-05-09
7312,5312,LN5312,14003,14,60,267.7,2026-05-09,2026-06-08,Active,11345,0,2026-05-09
7313,5313,LN5313,47556,20,18,2810.5,2026-05-09,2026-06-08,Active,34154,0,2026-05-09
7314,5314,LN5314,132259,12,60,2382.48,2026-05-09,2026-06-08,Active,106419,0,2026-05-09
7315,5315,LN5315,118417,20,18,6924.67,2026-05-09,2026-06-08,Closed,90438,0,2026-05-09
7316,5316,LN5316,135187,20,24,5820.42,2026-05-09,2026-06-08,Active,23029,0,2026-05-09
7317,5317,LN5317,80495,14,12,7504.17,2026-05-09,2026-06-08,Closed,23522,0,2026-05-09
7318,5318,LN5318,69604,16,36,2498.06,2026-05-09,2026-06-08,Closed,53691,0,2026-05-09
7319,5319,LN5319,81074,20,24,4304.0,2026-05-09,2026-06-08,Active,22608,0,2026-05-09
7320,5320,LN5320,52164,12,36,1951.03,2026-05-09,2026-06-08,Active,42921,0,2026-05-09
7321,5321,LN5321,105827,18,24,5384.29,2026-05-09,2026-06-08,Active,103608,0,2026-05-09
7322,5322,LN5322,119435,18,18,7250.78,2026-05-09,2026-06-08,Closed,22405,0,2026-05-09
7323,5323,LN5323,17290,22,36,550.14,2026-05-09,2026-06-08,Active,11981,0,2026-05-09
7324,5324,LN5324,84883,14,24,3788.42,2026-05-09,2026-06-08,Closed,17654,0,2026-05-09
7325,5325,LN5325,125255,12,24,5629.29,2026-05-09,2026-06-08,Active,116591,0,2026-05-09
7326,5326,LN5326,65344,12,48,1575.88,2026-05-09,2026-06-08,Active,71749,0,2026-05-09
7327,5327,LN5327,12003,20,6,2615.67,2026-05-09,2026-06-08,Closed,9822,0,2026-05-09
7328,5328,LN5328,76528,12,24,3296.12,2026-05-09,2026-06-08,Active,74151,0,2026-05-09
7329,5329,LN5329,64652,18,18,4398.67,2026-05-09,2026-06-08,Active,12994,0,2026-05-09
7330,5330,LN5330,47346,12,6,10112.33,2026-05-09,2026-06-08,Delayed,44223,-29,2026-05-09
7331,5331,LN5331,81281,16,6,18873.5,2026-05-09,2026-06-08,Active,48763,0,2026-05-09
7332,5332,LN5332,113866,18,48,2413.02,2026-05-09,2026-06-08,Active,79138,0,2026-05-09
7333,5333,LN5333,18170,20,24,781.83,2026-05-09,2026-06-08,Active,5780,0,2026-05-09
7334,5334,LN5334,40244,22,6,9169.0,2026-05-09,2026-06-08,Closed,53408,0,2026-05-09
7335,5335,LN5335,113279,20,36,3564.97,2026-05-09,2026-06-08,Delayed,112371,-29,2026-05-09
7336,5336,LN5336,63043,18,6,11806.67,2026-05-09,2026-06-08,Delayed,35949,-29,2026-05-09
7337,5337,LN5337,26516,18,24,1576.92,2026-05-09,2026-06-08,Closed,14909,0,2026-05-09
7338,5338,LN5338,132300,14,18,7736.28,2026-05-09,2026-06-08,Active,32683,0,2026-05-09
7339,5339,LN5339,79202,16,18,4609.5,2026-05-09,2026-06-08,Active,47526,0,2026-05-09
7340,5340,LN5340,89421,18,36,2732.25,2026-05-09,2026-06-08,Delayed,31803,-29,2026-05-09
7341,5341,LN5341,40083,16,12,3645.58,2026-05-09,2026-06-08,Active,6765,0,2026-05-09
7342,5342,LN5342,97953,12,36,3472.75,2026-05-09,2026-06-08,Active,105459,0,2026-05-09
7343,5343,LN5343,58571,16,18,3315.22,2026-05-09,2026-06-08,Active,17595,0,2026-05-09
7344,5344,LN5344,88082,18,12,8910.67,2026-05-09,2026-06-08,Active,62001,0,2026-05-09
7345,5345,LN5345,68396,18,24,3802.08,2026-05-09,2026-06-08,Active,23326,0,2026-05-09
7346,5346,LN5346,135891,14,48,2876.17,2026-05-09,2026-06-08,Active,63511,0,2026-05-09
7347,5347,LN5347,97381,16,18,6953.06,2026-05-09,2026-06-08,Active,61758,0,2026-05-09
7348,5348,LN5348,28389,14,60,481.68,2026-05-09,2026-06-08,Active,11396,0,2026-05-09
7349,5349,LN5349,87543,14,12,7929.0,2026-05-09,2026-06-08,Closed,54625,0,2026-05-09
7350,5350,LN5350,55313,22,6,13039.33,2026-05-09,2026-06-08,Active,3540,0,2026-05-09
7351,5351,LN5351,8867,16,6,1899.33,2026-05-09,2026-06-08,Active,781,0,2026-05-09
7352,5352,LN5352,115622,20,24,4858.54,2026-05-09,2026-06-08,Active,97385,0,2026-05-09
7353,5353,LN5353,124711,22,36,3818.06,2026-05-09,2026-06-08,Active,108104,0,2026-05-09
7354,5354,LN5354,23277,16,12,2588.92,2026-05-09,2026-06-08,Active,9688,0,2026-05-09
7355,5355,LN5355,38621,20,18,2819.0,2026-05-09,2026-06-08,Active,23483,0,2026-05-09
7356,5356,LN5356,73978,16,24,3248.0,2026-05-09,2026-06-08,Closed,10989,0,2026-05-09
7357,5357,LN5357,10455,18,6,1973.67,2026-05-09,2026-06-08,Active,5679,0,2026-05-09
7358,5358,LN5358,7490,18,12,668.83,2026-05-09,2026-06-08,Delayed,600,-29,2026-05-09
7359,5359,LN5359,95973,20,48,2144.5,2026-05-09,2026-06-08,Active,64442,0,2026-05-09
7360,5360,LN5360,46812,16,60,1096.52,2026-05-09,2026-06-08,Active,37353,0,2026-05-09
7361,5361,LN5361,124294,12,36,3662.06,2026-05-09,2026-06-08,Active,30936,0,2026-05-09
7362,5362,LN5362,95241,22,6,22121.5,2026-05-09,2026-06-08,Closed,127356,0,2026-05-09
7363,5363,LN5363,56710,12,18,3850.22,2026-05-09,2026-06-08,Active,68565,0,2026-05-09
7364,5364,LN5364,8610,14,18,579.39,2026-05-09,2026-06-08,Active,3240,0,2026-05-09
7365,5365,LN5365,86437,20,18,6827.5,2026-05-09,2026-06-08,Active,27669,0,2026-05-09
7366,5366,LN5366,32190,20,36,918.64,2026-05-09,2026-06-08,Closed,30723,0,2026-05-09
7367,5367,LN5367,106139,12,60,2353.6,2026-05-09,2026-06-08,Closed,38105,0,2026-05-09
7368,5368,LN5368,45190,22,18,3535.39,2026-05-09,2026-06-08,Active,40193,0,2026-05-09
7369,5369,LN5369,105743,16,48,2770.02,2026-05-09,2026-06-08,Active,23878,0,2026-05-09
7370,5370,LN5370,55972,22,48,1474.08,2026-05-09,2026-06-08,Active,6805,0,2026-05-09
7371,5371,LN5371,48266,12,12,4302.67,2026-05-09,2026-06-08,Delayed,49733,-29,2026-05-09
7372,5372,LN5372,49378,16,6,10321.33,2026-05-09,2026-06-08,Active,36648,0,2026-05-09
7373,5373,LN5373,40134,16,24,2305.08,2026-05-09,2026-06-08,Active,24846,0,2026-05-09
7374,5374,LN5374,63365,18,36,2475.0,2026-05-09,2026-06-08,Closed,16839,0,2026-05-09
7375,5375,LN5375,96743,16,12,9763.58,2026-05-09,2026-06-08,Closed,16709,0,2026-05-09
7376,5376,LN5376,64251,14,6,13233.0,2026-05-09,2026-06-08,Active,56982,0,2026-05-09
7377,5377,LN5377,130682,18,36,3899.03,2026-05-09,2026-06-08,Active,97974,0,2026-05-09
7378,5378,LN5378,57935,20,18,3971.78,2026-05-09,2026-06-08,Active,58513,0,2026-05-09
7379,5379,LN5379,73877,18,18,4640.39,2026-05-09,2026-06-08,Active,2950,0,2026-05-09
7380,5380,LN5380,107114,18,60,1808.5,2026-05-09,2026-06-08,Active,71980,0,2026-05-09
7381,5381,LN5381,43850,14,48,1259.9,2026-05-09,2026-06-08,Active,24196,0,2026-05-09
7382,5382,LN5382,65638,22,48,1438.56,2026-05-09,2026-06-08,Active,41112,0,2026-05-09
7383,5383,LN5383,75422,12,36,2386.58,2026-05-09,2026-06-08,Active,31751,0,2026-05-09
7384,5384,LN5384,139284,22,12,12211.42,2026-05-09,2026-06-08,Active,30787,0,2026-05-09
7385,5385,LN5385,97081,18,36,3036.86,2026-05-09,2026-06-08,Closed,39133,0,2026-05-09
7386,5386,LN5386,87731,20,24,5220.33,2026-05-09,2026-06-08,Active,122128,0,2026-05-09
7387,5387,LN5387,118792,18,60,2142.15,2026-05-09,2026-06-08,Active,33048,0,2026-05-09
7388,5388,LN5388,75468,22,6,13654.83,2026-05-09,2026-06-08,Closed,51057,0,2026-05-09
7389,5389,LN5389,97287,20,60,1856.8,2026-05-09,2026-06-08,Active,58733,0,2026-05-09
7390,5390,LN5390,142633,14,18,8076.17,2026-05-09,2026-06-08,Active,25800,0,2026-05-09
7391,5391,LN5391,60629,22,60,1153.77,2026-05-09,2026-06-08,Active,8803,0,2026-05-09
7392,5392,LN5392,24886,12,6,5035.83,2026-05-09,2026-06-08,Active,10617,0,2026-05-09
7393,5393,LN5393,107945,20,60,1865.08,2026-05-09,2026-06-08,Closed,31741,0,2026-05-09
7394,5394,LN5394,110630,22,60,1975.25,2026-05-09,2026-06-08,Closed,9586,0,2026-05-09
7395,5395,LN5395,133708,20,18,7475.28,2026-05-09,2026-06-08,Active,134132,0,2026-05-09
7396,5396,LN5396,132558,20,18,8013.22,2026-05-09,2026-06-08,Active,69202,0,2026-05-09
7397,5397,LN5397,136243,18,24,5937.83,2026-05-09,2026-06-08,Active,137368,0,2026-05-09
7398,5398,LN5398,7496,20,36,288.0,2026-05-09,2026-06-08,Closed,5768,0,2026-05-09
7399,5399,LN5399,25657,16,24,1077.79,2026-05-09,2026-06-08,Closed,17111,0,2026-05-09
7400,5400,LN5400,45881,16,36,1465.44,2026-05-09,2026-06-08,Active,34376,0,2026-05-09
7401,5401,LN5401,38378,22,48,845.27,2026-05-09,2026-06-08,Active,17544,0,2026-05-09
7402,5402,LN5402,95759,16,60,2111.48,2026-05-09,2026-06-08,Active,112550,0,2026-05-09
7403,5403,LN5403,48583,18,36,1584.25,2026-05-09,2026-06-08,Active,12063,0,2026-05-09
7404,5404,LN5404,44771,14,6,9161.67,2026-05-09,2026-06-08,Active,48220,0,2026-05-09
7405,5405,LN5405,45974,12,12,4518.33,2026-05-09,2026-06-08,Active,39938,0,2026-05-09
7406,5406,LN5406,74819,16,24,3289.54,2026-05-09,2026-06-08,Closed,65737,0,2026-05-09
7407,5407,LN5407,34720,22,48,949.29,2026-05-09,2026-06-08,Active,8671,0,2026-05-09
7408,5408,LN5408,50880,12,12,5447.67,2026-05-09,2026-06-08,Active,63721,0,2026-05-09
7409,5409,LN5409,26020,14,6,5444.0,2026-05-09,2026-06-08,Delayed,26152,-29,2026-05-09
7410,5410,LN5410,87026,16,18,6464.5,2026-05-09,2026-06-08,Active,50553,0,2026-05-09
7411,5411,LN5411,142555,20,6,23974.0,2026-05-09,2026-06-08,Closed,115373,0,2026-05-09
7412,5412,LN5412,69730,14,60,1162.78,2026-05-09,2026-06-08,Closed,57978,0,2026-05-09
7413,5413,LN5413,45901,12,24,2362.83,2026-05-09,2026-06-08,Active,15473,0,2026-05-09
7414,5414,LN5414,22279,18,6,4119.33,2026-05-09,2026-06-08,Active,14666,0,2026-05-09
7415,5415,LN5415,92187,22,60,1709.73,2026-05-09,2026-06-08,Closed,7421,0,2026-05-09
7416,5416,LN5416,121412,22,18,7116.94,2026-05-09,2026-06-08,Delayed,89538,-29,2026-05-09
7417,5417,LN5417,75301,16,6,13378.5,2026-05-09,2026-06-08,Active,61960,0,2026-05-09
7418,5418,LN5418,105805,12,36,3395.53,2026-05-09,2026-06-08,Active,50592,0,2026-05-09
7419,5419,LN5419,111139,18,24,6018.75,2026-05-09,2026-06-08,Active,2322,0,2026-05-09
