user_id,full_name,phone,national_id,city,credit_score,employer,salary,registration_date,customer_status,created_at
1000,Michael Scott,1289467699,00000000001000,Alx,716,Jackson-Simmons,26234.0,2025-10-21,Active,2026-05-01
1001,Cody Johnson,1282260240,00000000001001,Alx,802,Smith-Vargas,43207.0,2025-01-13,Active,2026-05-01
1002,Stephanie Price,1119724396,00000000001002,Alx,455,Turner-Willis,31151.0,2024-12-27,Active,2026-05-01
1003,Robert Perkins,1230486696,00000000001003,Alx,628,Grant Group,26879.0,2024-10-12,Active,2026-05-01
1004,Heather Bennett,1250976233,00000000001004,Alx,766,"Bailey, Simpson and Walker",12640.0,2024-08-11,Pending,2026-05-01
1005,John Martin,1067119326,00000000001005,Alx,457,Hill-Torres,38573.0,2026-03-27,Active,2026-05-01
1006,Kerri Fox,1120643596,00000000001006,Alx,535,Bell LLC,45107.0,2024-09-30,Active,2026-05-01
1007,Jamie Thomas,1121658607,00000000001007,Alx,611,Grant Ltd,11965.0,2025-10-20,Active,2026-05-01
1008,Cassandra Burton,1131662478,00000000001008,Alx,656,"Santos, Moore and Donaldson",6203.0,2024-10-12,Rejected,2026-05-01
1009,Ms. Donna Leach,1196579036,00000000001009,Alx,800,Odonnell Ltd,24492.0,2026-01-14,Active,2026-05-01
1010,Nicole Strong,1237919344,00000000001010,Alx,523,"Rose, Dodson and Mathews",18127.0,2025-01-15,Active,2026-05-01
1011,Eric Phelps,1028697162,00000000001011,Alx,713,"Cortez, Burke and Davis",29452.0,2026-04-29,Pending,2026-05-01
1012,Aaron Richmond,1240128033,00000000001012,Alx,479,Davis-Ruiz,33810.0,2025-04-22,Active,2026-05-01
1013,Angela Ross,1159920352,00000000001013,Alx,531,"Campbell, Brown and Morris",42262.0,2024-12-20,Active,2026-05-01
1014,Linda Jackson,1170013934,00000000001014,Alx,838,"Love, Hughes and Kelley",25494.0,2025-11-28,Rejected,2026-05-01
1015,Eric Riddle,1099140457,00000000001015,Alx,452,Moore PLC,10580.0,2025-06-14,Active,2026-05-01
1016,Melissa Pena,1194505895,00000000001016,Alx,849,"Huff, Grant and Scott",47584.0,2026-03-26,Active,2026-05-01
1017,Kenneth Adams,1185314861,00000000001017,Alx,632,Mccarthy and Sons,26860.0,2025-04-12,Active,2026-05-01
1018,Vicki Watson,1037643809,00000000001018,Alx,488,Ali LLC,12369.0,2025-09-06,Active,2026-05-01
1019,Jonathan Olson,1090349000,00000000001019,Alx,811,Moore Inc,40617.0,2025-10-07,Active,2026-05-01
1020,Melissa Henderson,1237819405,00000000001020,Alx,806,Perkins Ltd,42663.0,2024-06-03,Active,2026-05-01
1021,Danielle Boyer,1112780903,00000000001021,Alx,836,Marshall Ltd,45313.0,2026-04-09,Pending,2026-05-01
1022,Sean Rivera,1155730321,00000000001022,Alx,542,Simmons-Williams,23430.0,2025-12-01,Active,2026-05-01
1023,Brian Cooper,1086104124,00000000001023,Alx,502,Romero-Baker,38481.0,2024-08-03,Active,2026-05-01
1024,Deborah Adams,1267481743,00000000001024,Alx,496,Jackson-Randolph,5031.0,2025-09-16,Active,2026-05-01
1025,Robert Jones,1026686164,00000000001025,Alx,688,Levine-Lloyd,6364.0,2026-04-28,Active,2026-05-01
1026,Christine Tyler,1164037911,00000000001026,Alx,827,"Pierce, Miller and Allison",32204.0,2025-06-19,Active,2026-05-01
1027,Robert Stark,1119810636,00000000001027,Alx,571,Hill Ltd,5329.0,2025-05-07,Active,2026-05-01
1028,Jose Douglas,1119651196,00000000001028,Alx,796,Wilkerson LLC,36490.0,2025-04-17,Rejected,2026-05-01
1029,Timothy Walker,1288764619,00000000001029,Alx,595,Watson-Alvarez,45141.0,2025-08-18,Active,2026-05-01
1030,Nancy Anderson,1292379928,00000000001030,Alx,724,Kelley Inc,47792.0,2025-10-21,Active,2026-05-01
1031,Susan Jones,1175500831,00000000001031,Alx,775,Powell Inc,48024.0,2025-06-23,Pending,2026-05-01
1032,David Long,1032366062,00000000001032,Alx,619,Stevens and Sons,41722.0,2025-07-13,Active,2026-05-01
1033,Bobby Ward,1157236368,00000000001033,Alx,734,"Walters, Evans and James",40729.0,2025-04-23,Active,2026-05-01
1034,Lisa Harmon,1254447857,00000000001034,Alx,558,Hopkins-Ortiz,35144.0,2025-05-02,Pending,2026-05-01
1035,Karl Garcia,1235544909,00000000001035,Alx,761,"Montgomery, King and Solomon",17225.0,2024-12-13,Active,2026-05-01
1036,Melissa Johnston,1068246538,00000000001036,Alx,585,Walsh PLC,40380.0,2025-11-23,Active,2026-05-01
1037,Shirley Martinez,1234462407,00000000001037,Alx,790,"Martin, Ellison and White",4214.0,2024-07-16,Active,2026-05-01
1038,Dr. Cristian Tucker,1277371913,00000000001038,Alx,694,"Harrington, Ellis and Haney",4696.0,2024-06-25,Rejected,2026-05-01
1039,Veronica Hudson,1125959260,00000000001039,Alx,506,"Cook, Glover and Ellis",9482.0,2024-07-26,Active,2026-05-01
1040,Michael Parks,1267863383,00000000001040,Alx,457,Bowman LLC,35442.0,2024-08-30,Active,2026-05-01
1041,Brad Collins,1064305238,00000000001041,Alx,534,Mcclure-Anderson,19714.0,2025-09-23,Active,2026-05-01
1042,James Boyer,1132345068,00000000001042,Alx,470,Everett PLC,18649.0,2025-07-10,Active,2026-05-01
1043,Melissa Martinez,1289177987,00000000001043,Alx,623,"Reyes, Harmon and Mitchell",32119.0,2025-05-02,Rejected,2026-05-01
1044,Kristin Rivera,1023812852,00000000001044,Alx,748,Miller-Booth,28539.0,2025-07-16,Active,2026-05-01
1045,Willie Acevedo,1074046520,00000000001045,Alx,468,Williams Inc,28341.0,2025-08-09,Active,2026-05-01
1046,Steven Hayes,1158194064,00000000001046,Alx,753,"Brown, Jordan and Delgado",13020.0,2024-10-28,Rejected,2026-05-01
1047,Steve Morris,1041093554,00000000001047,Alx,583,Smith-Garcia,37235.0,2025-06-17,Active,2026-05-01
1048,Tiffany Garcia,1016614326,00000000001048,Alx,719,"Bowers, Rivas and Jones",10896.0,2024-10-27,Active,2026-05-01
1049,Tina Walker,1270061862,00000000001049,Alx,722,Wallace Ltd,36670.0,2024-06-06,Active,2026-05-01
1050,Traci York,1229526169,00000000001050,Alx,712,Obrien Ltd,47232.0,2024-12-18,Active,2026-05-01
1051,Andrea Wright,1018868022,00000000001051,Alx,557,Shepard-Williams,26503.0,2025-05-12,Rejected,2026-05-01
1052,Mrs. Rachel Rodriguez MD,1125520635,00000000001052,Alx,801,Roach-Simmons,16961.0,2024-06-16,Rejected,2026-05-01
1053,Edwin King,1073537759,00000000001053,Alx,843,Smith LLC,17390.0,2026-04-02,Pending,2026-05-01
1054,Amy Hensley,1152625537,00000000001054,Alx,521,"Hill, Johnson and Holmes",19041.0,2025-05-29,Active,2026-05-01
1055,Michael Taylor,1225828541,00000000001055,Alx,601,Sanchez Group,10930.0,2024-10-26,Active,2026-05-01
1056,Heather Ramsey,1090165313,00000000001056,Alx,466,Bruce PLC,23692.0,2024-08-23,Pending,2026-05-01
1057,Mrs. Jennifer Howell MD,1125860972,00000000001057,Alx,795,"Wilkerson, Valencia and Ingram",11542.0,2025-05-17,Active,2026-05-01
1058,Anthony Davis,1284550493,00000000001058,Alx,629,Avila PLC,4317.0,2025-09-24,Active,2026-05-01
1059,Christy Burton,1255684861,00000000001059,Alx,502,Robinson-Nielsen,44610.0,2026-01-18,Active,2026-05-01
1060,Ryan Best,1057643694,00000000001060,Alx,822,"Marks, Rice and Miller",47505.0,2024-08-12,Active,2026-05-01
1061,Colleen Waller,1069130170,00000000001061,Alx,466,Carter Ltd,38247.0,2025-10-20,Pending,2026-05-01
1062,Steven Williams,1176578944,00000000001062,Alx,510,Sharp Ltd,42278.0,2025-05-06,Active,2026-05-01
1063,Christopher Bentley,1125079953,00000000001063,Alx,674,Cline Inc,45647.0,2025-07-24,Active,2026-05-01
1064,Michael Perry,1218055730,00000000001064,Alx,500,Perez-Fisher,27060.0,2024-09-25,Active,2026-05-01
1065,Penny Davis,1291543665,00000000001065,Alx,512,Jimenez-Taylor,32521.0,2025-08-27,Active,2026-05-01
1066,Tonya Martinez,1181540131,00000000001066,Alx,737,Harrison Ltd,7780.0,2025-06-02,Pending,2026-05-01
1067,Ross Rice,1144671729,00000000001067,Alx,687,Williams Ltd,32669.0,2024-05-30,Active,2026-05-01
1068,Bryan Jefferson,1146507800,00000000001068,Alx,843,Brown and Sons,12475.0,2025-09-25,Active,2026-05-01
1069,Christopher Buck,1117479529,00000000001069,Alx,565,Martin PLC,11859.0,2025-04-28,Pending,2026-05-01
1070,Julie Bowman,1280288057,00000000001070,Alx,655,Boyd-Smith,18509.0,2024-12-05,Active,2026-05-01
1071,Amy Roberts,1249023072,00000000001071,Alx,569,Diaz Inc,11135.0,2024-10-27,Active,2026-05-01
1072,Tammy Wright,1072511843,00000000001072,Alx,761,"Williamson, Marquez and Hanna",29627.0,2025-01-01,Active,2026-05-01
1073,Angela Howard,1075323718,00000000001073,Alx,807,Lawson-Phillips,34654.0,2025-09-30,Active,2026-05-01
1074,Mariah Cox,1295466499,00000000001074,Alx,593,Marsh-Johnson,24484.0,2025-12-25,Active,2026-05-01
1075,David Chang,1250276990,00000000001075,Alx,718,"Hanna, Matthews and Kane",22671.0,2026-03-07,Active,2026-05-01
1076,Kenneth Mann,1266609326,00000000001076,Alx,685,Chandler-Rhodes,16749.0,2026-03-11,Active,2026-05-01
1077,Kim Walter,1094655662,00000000001077,Alx,739,Diaz Inc,7043.0,2024-12-09,Active,2026-05-01
1078,Melissa Sanders,1033911452,00000000001078,Alx,808,"Martin, Lindsey and Lynn",20449.0,2025-01-23,Pending,2026-05-01
1079,Sara Turner,1157503969,00000000001079,Alx,505,"Anderson, Cummings and Francis",41900.0,2025-12-22,Pending,2026-05-01
1080,Cheyenne Wright,1153455424,00000000001080,Alx,746,Smith-Burns,12162.0,2025-10-11,Active,2026-05-01
1081,Alexis Garcia,1046117513,00000000001081,Alx,808,Lawrence-Jordan,42062.0,2025-08-27,Active,2026-05-01
1082,Samuel Lambert,1228213753,00000000001082,Alx,557,Mcfarland Group,32215.0,2025-04-09,Rejected,2026-05-01
1083,Lauren Vazquez,1172288051,00000000001083,Alx,734,"Wolfe, Rivas and Jones",31398.0,2025-02-27,Active,2026-05-01
1084,Sally Jones,1066712934,00000000001084,Alx,491,Walls PLC,18712.0,2025-01-19,Pending,2026-05-01
1085,Adam Briggs,1140944432,00000000001085,Alx,472,"Ford, Haney and Roberts",6233.0,2026-04-06,Active,2026-05-01
1086,Michele Mitchell,1295195448,00000000001086,Alx,651,"Knox, Martinez and Thomas",13815.0,2024-07-28,Active,2026-05-01
1087,Gregory Williams Jr.,1080986927,00000000001087,Alx,812,Henderson LLC,44571.0,2025-01-16,Active,2026-05-01
1088,Adam Richardson,1038044407,00000000001088,Alx,725,"Jackson, Thompson and Pearson",23083.0,2024-11-06,Rejected,2026-05-01
1089,Jeff Owen,1163249466,00000000001089,Alx,603,Hernandez-Johnson,37768.0,2024-12-06,Rejected,2026-05-01
1090,Renee Diaz,1084317647,00000000001090,Alx,720,"Gonzalez, Hughes and Hardin",5692.0,2025-12-15,Active,2026-05-01
1091,Carrie Herrera,1218956277,00000000001091,Alx,754,"Wells, Hansen and Lee",42733.0,2024-10-29,Pending,2026-05-01
1092,Jorge Campos,1039265411,00000000001092,Alx,758,Mcguire-Scott,32622.0,2024-09-06,Active,2026-05-01
1093,Christopher Mcclain,1094597405,00000000001093,Alx,795,Chan Group,46834.0,2026-01-22,Active,2026-05-01
1094,Pamela Powell,1056953614,00000000001094,Alx,722,Schwartz Ltd,25889.0,2025-01-01,Active,2026-05-01
1095,Tammy Stevenson,1114609329,00000000001095,Alx,463,Reyes-Robinson,33640.0,2024-05-16,Active,2026-05-01
1096,Emily Olson,1162120118,00000000001096,Alx,725,"French, Brady and Wilkerson",48179.0,2026-03-01,Active,2026-05-01
1097,Dennis Hughes,1029498466,00000000001097,Alx,850,"Chung, Gonzalez and Hanson",19490.0,2026-02-10,Active,2026-05-01
1098,Dustin Braun,1113387168,00000000001098,Alx,626,Singleton-Mcdaniel,37062.0,2024-11-05,Active,2026-05-01
1099,Jerome Taylor,1184955237,00000000001099,Alx,846,Acosta and Sons,49661.0,2025-07-15,Pending,2026-05-01
1100,Kimberly Becker,1056632710,00000000001100,Alx,657,Hancock and Sons,25577.0,2024-08-27,Active,2026-05-01
1101,Cassidy Bennett,1126733146,00000000001101,Alx,850,Poole PLC,43909.0,2024-12-09,Active,2026-05-01
1102,Aaron Daugherty,1220168056,00000000001102,Alx,743,Edwards LLC,35588.0,2024-06-11,Pending,2026-05-01
1103,Brandi Pruitt,1258722281,00000000001103,Alx,587,Tran-Ruiz,34791.0,2025-05-07,Active,2026-05-01
1104,Heather Gutierrez,1250887078,00000000001104,Alx,709,"Wright, Cruz and Rodgers",10459.0,2024-06-10,Rejected,2026-05-01
1105,Nicholas Wilson,1030326842,00000000001105,Alx,509,Tate-Bowers,43185.0,2024-08-11,Rejected,2026-05-01
1106,Christopher Wallace,1085902176,00000000001106,Alx,761,"Powers, Quinn and Gray",32890.0,2024-11-05,Active,2026-05-01
1107,Brandi Pierce,1190025509,00000000001107,Alx,801,"Perez, Horton and Payne",35318.0,2026-02-23,Active,2026-05-01
1108,Karen Murphy,1271914881,00000000001108,Alx,489,"Johnson, Phillips and Brown",41967.0,2024-05-22,Active,2026-05-01
1109,Tina Bradley,1156998927,00000000001109,Alx,511,Williams-Lee,19222.0,2026-04-26,Active,2026-05-01
1110,Donald Jarvis,1067138909,00000000001110,Alx,593,Green-Brock,24815.0,2025-06-19,Active,2026-05-01
1111,Marcus Kaufman,1232268277,00000000001111,Alx,722,"Mata, Adams and Montes",38292.0,2024-07-12,Pending,2026-05-01
1112,Kelly Rowe,1221113829,00000000001112,Alx,766,"Torres, Huynh and Wong",34211.0,2026-03-05,Active,2026-05-01
1113,Frances Nichols,1222155689,00000000001113,Alx,821,Haynes Ltd,7435.0,2025-10-08,Active,2026-05-01
1114,Samuel Wilson,1110510802,00000000001114,Alx,534,"Duffy, Charles and Dougherty",37645.0,2025-11-15,Pending,2026-05-01
1115,Jerome Navarro,1126521014,00000000001115,Alx,528,Patterson PLC,9082.0,2025-01-31,Pending,2026-05-01
1116,Brandon Mckinney,1196109175,00000000001116,Alx,663,Davis-Martinez,48369.0,2025-06-22,Active,2026-05-01
1117,Megan Campos,1294042435,00000000001117,Alx,594,Stevens Inc,34934.0,2025-02-27,Active,2026-05-01
1118,Anthony Anderson,1189145613,00000000001118,Alx,587,Thompson-Dunlap,31202.0,2025-10-06,Active,2026-05-01
1119,Lauren Carlson DVM,1098473684,00000000001119,Alx,666,"Hensley, Weaver and Walker",12096.0,2024-06-15,Active,2026-05-01
1120,Jasmine Perez,1183793540,00000000001120,Alx,695,Brown Inc,21649.0,2026-02-02,Active,2026-05-01
1121,Cassandra Schneider,1184926381,00000000001121,Alx,491,"Kelly, Jenkins and Mckenzie",39850.0,2024-10-07,Pending,2026-05-01
1122,Roberta Griffith,1177597748,00000000001122,Alx,761,Jacobs-Mathews,17681.0,2024-09-18,Active,2026-05-01
1123,Megan Phillips,1133433158,00000000001123,Alx,770,Rodriguez-Stephens,40383.0,2025-06-08,Active,2026-05-01
1124,Alan Zuniga,1063839394,00000000001124,Alx,676,"Young, Munoz and Perez",29303.0,2026-02-21,Pending,2026-05-01
1125,Shelby Garcia,1064196449,00000000001125,Alx,624,Khan-Hunt,45132.0,2026-01-14,Active,2026-05-01
1126,Jill Watson,1244909543,00000000001126,Alx,824,"Barber, Patterson and Wilson",31945.0,2024-12-05,Active,2026-05-01
1127,Heather Smith,1250455889,00000000001127,Alx,695,Austin and Sons,28043.0,2024-07-17,Active,2026-05-01
1128,Joseph Barron,1038233378,00000000001128,Alx,718,"Sanders, Jones and Rojas",20490.0,2025-09-18,Pending,2026-05-01
1129,Jessica Holland,1189461603,00000000001129,Alx,682,Nelson-Williams,14139.0,2025-06-19,Pending,2026-05-01
1130,Carl Ortega,1153548186,00000000001130,Alx,754,Mendez-Mckinney,7303.0,2025-09-30,Active,2026-05-01
1131,Sarah Parks,1060886615,00000000001131,Alx,572,Hughes Ltd,25779.0,2025-09-18,Pending,2026-05-01
1132,Paul Lucero,1028090924,00000000001132,Alx,584,Williams-Wood,34391.0,2024-06-28,Active,2026-05-01
1133,Nicole Hanson,1141260124,00000000001133,Alx,473,"Price, Rangel and Roman",11394.0,2025-11-30,Pending,2026-05-01
1134,Calvin Higgins,1074163142,00000000001134,Alx,718,Middleton Group,5514.0,2025-04-29,Active,2026-05-01
1135,Ann Carpenter,1096053211,00000000001135,Alx,845,"Santiago, Carter and Villanueva",17877.0,2025-04-30,Active,2026-05-01
1136,Meghan Taylor,1138732792,00000000001136,Alx,710,Martinez Group,18154.0,2024-08-04,Rejected,2026-05-01
1137,Dana Bell MD,1199190178,00000000001137,Alx,514,Jackson-Tate,45575.0,2025-04-16,Active,2026-05-01
1138,Shannon Johnson,1073024134,00000000001138,Alx,539,Gonzalez Ltd,29302.0,2025-10-12,Active,2026-05-01
1139,John Stephens,1245440625,00000000001139,Alx,578,Jackson Inc,36971.0,2024-12-04,Active,2026-05-01
1140,James Jensen,1064375931,00000000001140,Alx,597,Anderson PLC,23058.0,2025-10-10,Active,2026-05-01
1141,Madeline Garcia,1286275257,00000000001141,Alx,794,"Douglas, Morris and Henderson",15153.0,2025-04-28,Active,2026-05-01
1142,Anthony King,1047464639,00000000001142,Alx,777,"Jones, Sandoval and Ortiz",17715.0,2025-10-19,Active,2026-05-01
1143,David Warner,1243919963,00000000001143,Alx,568,Bennett-Mcdaniel,48781.0,2024-07-05,Active,2026-05-01
1144,Nicole Barnett,1097287269,00000000001144,Alx,488,Mosley-Moss,30355.0,2025-03-27,Active,2026-05-01
1145,Jacob Hughes,1041879640,00000000001145,Alx,562,Floyd-Lawrence,30124.0,2026-04-22,Active,2026-05-01
1146,Laurie Roberts,1093981589,00000000001146,Alx,536,"Porter, Cole and Pham",12016.0,2025-05-14,Active,2026-05-01
1147,Sean Weiss,1055801398,00000000001147,Alx,703,"Jones, Wright and Lynch",21682.0,2024-10-05,Active,2026-05-01
1148,Christopher Craig,1084702479,00000000001148,El Delta,585,"Dunn, Reid and Krueger",13377.0,2025-09-30,Active,2026-05-01
1149,Angela Little,1292452974,00000000001149,El Delta,669,Grimes-Martinez,19423.0,2025-06-06,Active,2026-05-01
1150,Mrs. Maria Cortez,1217774659,00000000001150,El Delta,489,Robertson-Lee,25547.0,2024-09-09,Active,2026-05-01
1151,Lance Kelly,1113740110,00000000001151,El Delta,644,Carter-Walker,46450.0,2025-02-19,Active,2026-05-01
1152,Leroy Owen,1064691965,00000000001152,El Delta,626,James-Jones,13773.0,2024-06-15,Active,2026-05-01
1153,Daniel Davis,1219231771,00000000001153,El Delta,630,King-Cantrell,40721.0,2024-10-18,Active,2026-05-01
1154,Jennifer Marquez,1148608050,00000000001154,El Delta,672,Anderson-Hays,20173.0,2026-02-25,Active,2026-05-01
1155,Caitlyn Brown,1217158355,00000000001155,El Delta,753,Daugherty Inc,5358.0,2024-06-18,Active,2026-05-01
1156,Danielle Lee,1217509629,00000000001156,El Delta,490,Perkins Group,4604.0,2025-08-16,Active,2026-05-01
1157,Anthony Robles,1272703027,00000000001157,El Delta,503,"Gill, Harvey and Allen",18575.0,2025-10-14,Rejected,2026-05-01
1158,Christian Santos,1096190067,00000000001158,El Delta,511,"Townsend, Yoder and Clark",27006.0,2024-09-26,Rejected,2026-05-01
1159,Jeremy Warren,1061923591,00000000001159,El Delta,847,Molina LLC,40246.0,2024-08-02,Active,2026-05-01
1160,Michelle Lowe,1066234421,00000000001160,El Delta,827,Gardner PLC,37026.0,2025-01-05,Active,2026-05-01
1161,Michelle Long,1289737603,00000000001161,El Delta,515,Myers Group,40515.0,2025-09-08,Active,2026-05-01
1162,Justin Martinez,1261867228,00000000001162,El Delta,478,"Williams, Liu and Hicks",19921.0,2025-01-31,Pending,2026-05-01
1163,Michael West,1072710290,00000000001163,El Delta,677,Allen-Garcia,44024.0,2024-06-07,Active,2026-05-01
1164,Joshua Lara,1198437012,00000000001164,El Delta,635,"Evans, Zuniga and Gardner",18310.0,2024-06-09,Active,2026-05-01
1165,Kimberly Stewart,1263092257,00000000001165,El Delta,754,Henderson Group,14326.0,2025-06-26,Pending,2026-05-01
1166,Michael Walker,1015793968,00000000001166,El Delta,657,Smith-Norris,21545.0,2024-11-08,Pending,2026-05-01
1167,Michelle Williams,1118291244,00000000001167,El Delta,614,"Smith, Dougherty and Adams",45572.0,2025-10-17,Active,2026-05-01
1168,Cristina Patterson,1028120143,00000000001168,El Delta,817,Hicks Group,22063.0,2026-03-29,Active,2026-05-01
1169,Michael Mata,1215993668,00000000001169,El Delta,451,"Gray, Williams and Jackson",28415.0,2025-05-04,Active,2026-05-01
1170,Jasmine Weaver MD,1214994530,00000000001170,El Delta,799,"Ramos, Meza and Burns",36214.0,2026-02-03,Pending,2026-05-01
1171,Allison Rogers,1239094198,00000000001171,El Delta,644,Silva-Lawson,18358.0,2025-03-12,Active,2026-05-01
1172,Kyle Atkinson,1053497861,00000000001172,El Delta,581,Wade-Robinson,13456.0,2024-06-22,Active,2026-05-01
1173,Madeline Murillo,1120329281,00000000001173,El Delta,709,"Quinn, Randall and Nielsen",16904.0,2025-08-27,Active,2026-05-01
1174,Steven Lopez,1183293731,00000000001174,El Delta,535,Flynn-Edwards,9114.0,2025-02-24,Active,2026-05-01
1175,Jeffrey Vaughn,1040092368,00000000001175,El Delta,772,Anderson and Sons,43507.0,2025-10-10,Active,2026-05-01
1176,David Bradshaw,1298808227,00000000001176,El Delta,451,Watson-Williams,30160.0,2026-04-27,Active,2026-05-01
1177,Taylor Hutchinson,1235341270,00000000001177,El Delta,694,"Benitez, Davies and Sandoval",5083.0,2025-06-09,Active,2026-05-01
1178,Gina Chandler,1045464472,00000000001178,El Delta,679,Stewart-Chapman,47795.0,2024-05-14,Active,2026-05-01
1179,Kristin Waller,1130775735,00000000001179,El Delta,768,Harmon-Ward,15026.0,2025-04-05,Active,2026-05-01
1180,Mark Alexander,1173169992,00000000001180,El Delta,731,Walters Inc,6322.0,2024-07-06,Pending,2026-05-01
1181,Richard Green,1010172972,00000000001181,El Delta,650,Murphy-Serrano,28196.0,2026-03-05,Active,2026-05-01
1182,Tammy Garcia,1172268323,00000000001182,El Delta,790,Smith-Petersen,9286.0,2026-04-14,Active,2026-05-01
1183,Brianna Johnson,1025409700,00000000001183,El Delta,648,Davis Group,35372.0,2025-05-28,Active,2026-05-01
1184,Donald Maldonado MD,1083300970,00000000001184,El Delta,796,Howard-Case,30334.0,2025-03-07,Active,2026-05-01
1185,Curtis Anderson,1024216370,00000000001185,El Delta,531,Smith Group,34700.0,2024-10-19,Active,2026-05-01
1186,Joseph Ingram,1022436589,00000000001186,El Delta,801,"Johnson, Martin and Taylor",12469.0,2025-03-13,Active,2026-05-01
1187,Luke Brown,1239144908,00000000001187,El Delta,809,Sullivan-Cooper,26563.0,2024-08-23,Pending,2026-05-01
1188,Gregory Anderson,1232291831,00000000001188,El Delta,521,Cuevas Inc,7989.0,2024-12-04,Active,2026-05-01
1189,Olivia Hernandez,1020939724,00000000001189,El Delta,788,"Mueller, Guerra and Snyder",40139.0,2025-05-25,Active,2026-05-01
1190,Joshua Fuller,1215403166,00000000001190,El Delta,670,Huynh-Jones,32022.0,2026-05-02,Pending,2026-05-01
1191,Jaclyn Clark,1186958279,00000000001191,El Delta,775,Hall Group,31197.0,2025-10-19,Active,2026-05-01
1192,Christopher Hart,1198399820,00000000001192,El Delta,657,"Burke, Meza and White",6170.0,2024-12-18,Active,2026-05-01
1193,Rebecca Hinton,1144945789,00000000001193,El Delta,817,"Gomez, Quinn and Hardy",7656.0,2026-02-07,Active,2026-05-01
1194,Kimberly Morris,1150005752,00000000001194,El Delta,807,Cortez-Jones,44314.0,2024-10-31,Active,2026-05-01
1195,Jason Price,1132349419,00000000001195,El Delta,510,Walker-Wallace,33265.0,2026-02-06,Active,2026-05-01
1196,James Lopez,1113025654,00000000001196,El Delta,560,Smith LLC,25952.0,2024-06-07,Active,2026-05-01
1197,Gabriela Alvarado,1047711887,00000000001197,El Delta,598,"Barron, Sellers and Stewart",13060.0,2026-04-30,Active,2026-05-01
1198,Briana Mitchell,1018163764,00000000001198,El Delta,460,Oneal LLC,11099.0,2026-04-06,Rejected,2026-05-01
1199,Jennifer Oliver,1031399299,00000000001199,El Delta,813,"Molina, Pearson and Johnson",4831.0,2026-05-06,Active,2026-05-01
1200,Lisa Watson,1195414384,00000000001200,El Delta,459,Barnett-Mcdonald,19685.0,2025-04-20,Rejected,2026-05-01
1201,Daniel Allen,1086660989,00000000001201,El Delta,727,Graham Inc,34247.0,2026-01-08,Rejected,2026-05-01
1202,Charles Dunlap,1150445110,00000000001202,El Delta,550,Bryant-Roberts,8313.0,2025-06-26,Rejected,2026-05-01
1203,Alexandra Graham,1177738382,00000000001203,El Delta,515,Huynh-Gonzalez,38197.0,2025-03-03,Active,2026-05-01
1204,Andrea Green,1228983074,00000000001204,El Delta,586,Ramirez Inc,46713.0,2025-12-09,Active,2026-05-01
1205,Brandon Kramer,1071468045,00000000001205,El Delta,759,Stanton Group,41393.0,2025-06-01,Active,2026-05-01
1206,Erin Jensen,1166584585,00000000001206,El Delta,815,Pope-Martinez,13652.0,2024-11-13,Pending,2026-05-01
1207,Ashley Jimenez,1218443432,00000000001207,El Delta,623,Perkins-Raymond,35432.0,2026-03-30,Rejected,2026-05-01
1208,Andrew Berry,1057141060,00000000001208,El Delta,717,West Ltd,36913.0,2024-06-25,Rejected,2026-05-01
1209,Jason Daniels,1152310024,00000000001209,El Delta,640,Smith Inc,46462.0,2026-04-24,Active,2026-05-01
1210,Jon Lee,1166063790,00000000001210,El Delta,672,Hughes LLC,29113.0,2025-05-14,Rejected,2026-05-01
1211,Amanda Durham,1022860983,00000000001211,El Delta,630,Hurley-Serrano,20640.0,2024-12-27,Active,2026-05-01
1212,Paul Adams,1091056853,00000000001212,El Delta,797,Cox-Sanchez,36939.0,2026-02-01,Active,2026-05-01
1213,Shawn Kennedy,1240041077,00000000001213,El Delta,494,Mitchell and Sons,33197.0,2024-10-30,Active,2026-05-01
1214,Shawn Zimmerman,1020049249,00000000001214,El Delta,847,Bennett-Watts,19160.0,2024-10-01,Active,2026-05-01
1215,Melissa Coffey,1217084049,00000000001215,El Delta,456,"Smith, Cooper and Mcbride",22424.0,2026-03-29,Active,2026-05-01
1216,Jacob Morales,1146778510,00000000001216,El Delta,664,Odonnell PLC,40295.0,2025-08-25,Active,2026-05-01
1217,Darius Johnson,1081287984,00000000001217,El Delta,754,Francis-Simmons,30460.0,2024-12-27,Pending,2026-05-01
1218,Eileen Hubbard,1266286506,00000000001218,El Delta,731,"Thomas, Griffith and Valencia",17240.0,2026-02-19,Pending,2026-05-01
1219,Steven Swanson,1160488210,00000000001219,El Delta,662,"Garcia, Taylor and Ritter",40190.0,2025-06-24,Rejected,2026-05-01
1220,Joshua Phillips,1271489125,00000000001220,El Delta,580,Boyd-Melendez,49339.0,2026-01-24,Pending,2026-05-01
1221,Karen Morales,1276748185,00000000001221,El Delta,503,"Williams, Nguyen and Howard",43830.0,2025-06-05,Pending,2026-05-01
1222,Zachary Riggs,1289618581,00000000001222,El Delta,772,Cole-Walker,11252.0,2026-04-09,Active,2026-05-01
1223,Hannah Rodriguez,1150287258,00000000001223,El Delta,821,"Lewis, Gonzales and Hammond",41007.0,2025-08-09,Rejected,2026-05-01
1224,Wendy Spears,1117940318,00000000001224,El Delta,480,Gross Inc,29580.0,2025-10-08,Active,2026-05-01
1225,James Vargas,1121890169,00000000001225,El Delta,804,King-Bailey,9653.0,2025-12-13,Active,2026-05-01
1226,Ricky Fisher,1128098583,00000000001226,El Delta,828,"Ramos, Perry and Brown",22122.0,2025-04-17,Pending,2026-05-01
1227,Michael Bowman,1083930664,00000000001227,El Delta,455,"Cohen, Henderson and Jones",24917.0,2026-03-19,Active,2026-05-01
1228,Patrick Boone,1249037016,00000000001228,El Delta,545,Banks-Elliott,39272.0,2024-12-08,Pending,2026-05-01
1229,Devin Campbell,1283195539,00000000001229,El Delta,649,Smith-Taylor,37659.0,2024-12-21,Active,2026-05-01
1230,Mr. Donald Wilson,1021174621,00000000001230,El Delta,531,Short-Chambers,18594.0,2024-10-17,Active,2026-05-01
1231,Kelly Kirk,1263814632,00000000001231,El Delta,775,Mckinney Ltd,6943.0,2024-10-01,Pending,2026-05-01
1232,Andrea Ruiz PhD,1220971548,00000000001232,El Delta,771,Pena and Sons,35435.0,2024-05-20,Active,2026-05-01
1233,Austin Taylor,1180396600,00000000001233,El Delta,648,"Atkins, Cox and Merritt",5833.0,2024-09-22,Active,2026-05-01
1234,Tanya Ramirez,1161133424,00000000001234,El Delta,478,"Wilson, Baker and Wolfe",49790.0,2024-09-13,Rejected,2026-05-01
1235,Nicole Warren,1115626374,00000000001235,El Delta,587,Price LLC,22838.0,2025-08-20,Active,2026-05-01
1236,Shelly Graham,1096950353,00000000001236,El Delta,688,Burton-Goodwin,26354.0,2024-05-22,Active,2026-05-01
1237,Samantha Hernandez,1277792035,00000000001237,El Delta,687,Wang-Perkins,44494.0,2024-09-04,Active,2026-05-01
1238,Michael Mitchell,1155968356,00000000001238,El Delta,666,Nelson-Schmidt,24554.0,2025-12-08,Active,2026-05-01
1239,James Webster,1093431111,00000000001239,El Delta,558,Fitzgerald Ltd,42141.0,2024-11-30,Active,2026-05-01
1240,Gary Mason,1275961887,00000000001240,El Delta,718,"Brady, Cohen and Dixon",14606.0,2026-03-06,Active,2026-05-01
1241,Antonio Gonzales,1291234392,00000000001241,El Delta,512,Smith-Coffey,44140.0,2025-05-24,Pending,2026-05-01
1242,Jeffrey Hamilton,1193630880,00000000001242,El Delta,575,Mcpherson-Garza,32944.0,2024-06-05,Active,2026-05-01
1243,Monica Carey,1166474809,00000000001243,El Delta,742,Hardin-Frazier,5481.0,2026-03-13,Active,2026-05-01
1244,Wayne Rowe,1290885091,00000000001244,Direct Sales,583,"Flowers, Carter and Valdez",24588.0,2024-12-31,Active,2026-05-01
1245,Michelle Pacheco,1051212679,00000000001245,Direct Sales,689,Maynard Ltd,26995.0,2025-08-09,Active,2026-05-01
1246,Joshua Morgan,1237612808,00000000001246,Direct Sales,541,"Ray, Malone and Lopez",11491.0,2025-03-19,Pending,2026-05-01
1247,Matthew Johnson,1113150701,00000000001247,Direct Sales,722,Reed Group,18194.0,2026-03-29,Rejected,2026-05-01
1248,Deborah Finley,1053949931,00000000001248,Direct Sales,664,Clayton-Ortiz,20479.0,2025-06-05,Active,2026-05-01
1249,Kimberly Myers,1287340976,00000000001249,Direct Sales,553,"Hernandez, Mcdaniel and Paul",5227.0,2025-01-24,Active,2026-05-01
1250,Edward Kim,1020747445,00000000001250,Direct Sales,623,Simmons Inc,35306.0,2024-11-19,Active,2026-05-01
1251,Norman Knight,1275016083,00000000001251,Direct Sales,744,Quinn Inc,12353.0,2026-01-28,Active,2026-05-01
1252,James Elliott,1250359047,00000000001252,Direct Sales,758,"Price, Hernandez and Washington",40319.0,2025-01-20,Active,2026-05-01
1253,Ronald Singleton,1127971976,00000000001253,Direct Sales,458,Carpenter LLC,44914.0,2025-12-25,Active,2026-05-01
1254,Paul Kelly,1080445155,00000000001254,Direct Sales,637,White-Elliott,17411.0,2025-03-03,Active,2026-05-01
1255,Austin Campbell,1078619661,00000000001255,Direct Sales,797,Khan-Quinn,12536.0,2024-05-10,Active,2026-05-01
1256,Monique Gutierrez,1176424163,00000000001256,Direct Sales,465,Sharp LLC,11017.0,2025-09-09,Rejected,2026-05-01
1257,Jerry Dillon,1282108981,00000000001257,Direct Sales,495,"Gonzalez, Ballard and Lawrence",47903.0,2025-09-15,Active,2026-05-01
1258,Matthew Matthews,1138655601,00000000001258,Direct Sales,507,"Evans, Dennis and Martinez",36821.0,2026-03-16,Active,2026-05-01
1259,Zachary Carter,1140458034,00000000001259,Direct Sales,642,Dean-Fields,16703.0,2026-01-30,Active,2026-05-01
1260,Lisa Hensley,1069667374,00000000001260,Direct Sales,581,Turner-Leon,49755.0,2024-12-02,Active,2026-05-01
1261,Amy Marshall,1022384912,00000000001261,Direct Sales,537,"Wilson, Walker and Wallace",9875.0,2026-03-11,Active,2026-05-01
1262,Amy Nunez,1286128931,00000000001262,Direct Sales,583,Gonzales PLC,14564.0,2024-10-25,Active,2026-05-01
1263,Makayla Clay,1077976052,00000000001263,Direct Sales,691,"Gilbert, Nunez and Travis",19034.0,2026-04-17,Active,2026-05-01
1264,Ashley Burton,1045282748,00000000001264,Direct Sales,782,Best-Johnson,49731.0,2024-09-12,Active,2026-05-01
1265,Randy King,1152526845,00000000001265,Direct Sales,648,Booth PLC,15709.0,2024-08-16,Active,2026-05-01
1266,Brandon Morris,1242471635,00000000001266,Direct Sales,470,Mosley PLC,27427.0,2025-11-30,Pending,2026-05-01
1267,Rachel Wolf,1037664292,00000000001267,Direct Sales,645,Maxwell-Ingram,41467.0,2024-10-28,Active,2026-05-01
1268,Rebecca Vasquez,1272705869,00000000001268,Direct Sales,792,"Norris, Garcia and Nunez",29644.0,2024-12-15,Pending,2026-05-01
1269,Laurie Williams,1167078018,00000000001269,Direct Sales,593,Blackwell-Wilson,43823.0,2025-12-05,Active,2026-05-01
1270,Cheryl Brown,1122161058,00000000001270,Direct Sales,696,Bradley-Adams,9127.0,2025-08-24,Active,2026-05-01
1271,John Garza,1050605663,00000000001271,Direct Sales,768,"Reynolds, Williams and Gilbert",13239.0,2024-08-23,Active,2026-05-01
1272,Scott Carr,1231843299,00000000001272,Direct Sales,641,"Jarvis, Lewis and Allen",25706.0,2025-08-13,Active,2026-05-01
1273,Lindsey Fuller MD,1148579875,00000000001273,Direct Sales,762,"Welch, Tanner and Nicholson",21955.0,2025-12-14,Active,2026-05-01
1274,Kelly Gordon,1195700495,00000000001274,Direct Sales,544,Gibson-Noble,24788.0,2026-03-30,Active,2026-05-01
1275,Stephanie Thomas,1032214505,00000000001275,Direct Sales,456,Glass Ltd,41903.0,2024-10-15,Pending,2026-05-01
1276,Erika Rodriguez,1256830537,00000000001276,Direct Sales,733,"Butler, Baker and Shaw",40593.0,2024-07-29,Active,2026-05-01
1277,Kelly Morrison,1212059972,00000000001277,Direct Sales,573,King LLC,28004.0,2024-06-04,Active,2026-05-01
1278,Stephen Riddle,1146884011,00000000001278,Direct Sales,592,Dodson Ltd,19701.0,2024-07-27,Active,2026-05-01
1279,Christopher Salinas,1031784634,00000000001279,Direct Sales,620,Gonzalez-Roman,21552.0,2025-10-15,Active,2026-05-01
1280,David Morgan,1079980718,00000000001280,Direct Sales,504,Rhodes-Nelson,34911.0,2025-04-04,Active,2026-05-01
1281,Christopher Hansen,1232427017,00000000001281,Direct Sales,739,Green PLC,14403.0,2025-03-29,Active,2026-05-01
1282,Rebecca Johnson,1285012465,00000000001282,Direct Sales,512,Ross Inc,31996.0,2025-03-10,Active,2026-05-01
1283,Adam Parker,1139226176,00000000001283,Direct Sales,564,Johnson and Sons,41784.0,2025-07-30,Rejected,2026-05-01
1284,Alex Moore,1148455769,00000000001284,Direct Sales,460,"Bender, Bush and Mitchell",13356.0,2025-12-12,Rejected,2026-05-01
1285,David Fleming,1120394842,00000000001285,Direct Sales,491,Kidd-Clark,26808.0,2026-04-12,Active,2026-05-01
1286,Amanda Castaneda,1258652467,00000000001286,Direct Sales,719,Johnson-Gould,37913.0,2024-05-10,Active,2026-05-01
1287,Samantha Johnson,1283096452,00000000001287,Direct Sales,677,Hamilton and Sons,17524.0,2024-12-21,Pending,2026-05-01
1288,Natasha Mills,1172561155,00000000001288,Direct Sales,639,Morgan and Sons,34270.0,2025-10-08,Active,2026-05-01
1289,Robert Petersen,1267389125,00000000001289,Direct Sales,797,"Riley, Guzman and Sanchez",13561.0,2024-12-07,Pending,2026-05-01
1290,Jennifer Phillips,1045179962,00000000001290,Direct Sales,524,Flores Group,40077.0,2026-03-22,Active,2026-05-01
1291,Rachel Warren,1198020157,00000000001291,Direct Sales,498,Martinez-White,18154.0,2025-06-12,Active,2026-05-01
1292,Jeffrey Lynch,1223950152,00000000001292,Giza,806,"Gonzalez, Butler and Chapman",10204.0,2024-08-25,Active,2026-05-01
1293,Michael Buck,1059261590,00000000001293,Giza,509,Santos Ltd,46280.0,2026-03-03,Active,2026-05-01
1294,Kelly Todd,1150966729,00000000001294,Giza,648,Morris Ltd,40710.0,2025-04-21,Active,2026-05-01
1295,Kevin Chavez,1012189120,00000000001295,Giza,646,Hughes-Moore,12632.0,2024-07-07,Active,2026-05-01
1296,Joshua Rosales,1274925929,00000000001296,Giza,641,Wright-Anderson,37662.0,2025-11-18,Active,2026-05-01
1297,Diana Solomon,1129463827,00000000001297,Giza,488,Adams-Mccoy,41677.0,2024-08-16,Active,2026-05-01
1298,Matthew Watson,1172591099,00000000001298,Giza,647,"Mcclure, Smith and Bryan",37868.0,2024-10-09,Active,2026-05-01
1299,Timothy Morales,1259383600,00000000001299,Giza,633,"Perez, Jones and Mccarthy",25419.0,2024-08-05,Active,2026-05-01
1300,George Wong,1130322411,00000000001300,Giza,699,Smith Inc,22483.0,2025-01-21,Active,2026-05-01
1301,Mrs. Teresa Ayala,1117842681,00000000001301,Giza,554,Mitchell-Wood,45350.0,2025-11-17,Pending,2026-05-01
1302,Linda Cantu,1244983020,00000000001302,Giza,672,Wilson Group,13684.0,2025-04-03,Active,2026-05-01
1303,Gary Vasquez,1128401854,00000000001303,Giza,603,"Byrd, Montes and Winters",42872.0,2025-09-23,Active,2026-05-01
1304,Thomas Anderson,1137195053,00000000001304,Giza,569,"Jones, Rangel and Green",4548.0,2025-06-25,Pending,2026-05-01
1305,Kristen Thomas,1161437272,00000000001305,Giza,712,"Moore, Larson and Beltran",25826.0,2025-12-21,Active,2026-05-01
1306,Susan Price,1031459832,00000000001306,Giza,594,James Inc,46560.0,2026-03-21,Active,2026-05-01
1307,Timothy Ramos,1298238725,00000000001307,Giza,584,Simmons-Kim,26694.0,2025-05-16,Active,2026-05-01
1308,Larry Jennings,1290961070,00000000001308,Giza,563,"Williams, Smith and Harding",48596.0,2026-01-29,Active,2026-05-01
1309,Timothy Jackson,1289891056,00000000001309,Giza,696,Khan-Jimenez,10532.0,2025-10-26,Active,2026-05-01
1310,Matthew Mayer,1151003275,00000000001310,Giza,689,Robbins Inc,38592.0,2024-09-15,Active,2026-05-01
1311,Kristen Collins,1047117212,00000000001311,Giza,453,"Hanson, Underwood and Miller",44384.0,2025-11-06,Active,2026-05-01
1312,Jeffrey Flores,1088525850,00000000001312,Giza,576,"Conner, Morrison and Whitaker",44285.0,2025-07-13,Pending,2026-05-01
1313,William Kemp,1123157834,00000000001313,Giza,799,"Kelly, Johnson and Park",42307.0,2025-11-21,Active,2026-05-01
1314,Cindy Reed,1155075487,00000000001314,Giza,756,"Cook, Rodriguez and Sanders",26418.0,2026-03-21,Rejected,2026-05-01
1315,Tiffany Shaffer,1228541372,00000000001315,Giza,743,"Wise, Middleton and Herrera",25546.0,2024-12-01,Active,2026-05-01
1316,Paul Rivas,1026863141,00000000001316,Giza,488,"Jones, Wilson and Clark",48444.0,2026-02-20,Active,2026-05-01
1317,Aaron Wright,1245937310,00000000001317,Giza,697,Ramirez-Fitzgerald,20813.0,2026-01-15,Pending,2026-05-01
1318,Carl Price,1075439871,00000000001318,Giza,700,"Guzman, Campos and Adams",21471.0,2024-06-25,Active,2026-05-01
1319,Catherine Mcpherson,1191906395,00000000001319,Giza,645,"Watson, Reeves and Norman",12682.0,2025-12-29,Rejected,2026-05-01
1320,Alex Jones,1218832316,00000000001320,Giza,743,"Pennington, Jones and Henry",34845.0,2025-11-24,Active,2026-05-01
1321,Joshua Quinn,1170191415,00000000001321,Giza,753,"Payne, Roberts and Mccormick",22628.0,2025-01-22,Active,2026-05-01
1322,Whitney West,1253433126,00000000001322,Giza,645,"Barnes, Greene and Castillo",16481.0,2025-01-19,Pending,2026-05-01
1323,Gary Vasquez,1278337678,00000000001323,Giza,705,"Knapp, Gallegos and Salazar",9531.0,2024-12-04,Pending,2026-05-01
1324,Cynthia Henry,1065603392,00000000001324,Giza,511,"Bell, Smith and Moore",10833.0,2024-06-12,Active,2026-05-01
1325,Nicholas Simmons,1095629627,00000000001325,Giza,590,"Cross, Valdez and Miller",14782.0,2024-06-20,Pending,2026-05-01
1326,Luke Monroe,1158868770,00000000001326,Giza,798,Matthews-Trujillo,16189.0,2025-10-02,Active,2026-05-01
1327,Gabriel Lynn,1050505314,00000000001327,Giza,841,Lopez-Miranda,12708.0,2024-11-13,Pending,2026-05-01
1328,Melanie Smith,1147296332,00000000001328,Giza,736,Ramirez Group,24585.0,2024-09-19,Active,2026-05-01
1329,Tracy Harris,1270698489,00000000001329,Giza,592,Morton Inc,45084.0,2025-03-13,Active,2026-05-01
1330,Jermaine Freeman,1137004793,00000000001330,Giza,523,Walker-Allen,35474.0,2025-04-07,Active,2026-05-01
1331,Laurie Andrade,1130940667,00000000001331,Giza,543,"Smith, Oconnor and Stein",5469.0,2025-03-24,Pending,2026-05-01
1332,Kenneth York,1132655199,00000000001332,Giza,699,Sherman-Beasley,37370.0,2026-03-10,Active,2026-05-01
1333,Jessica Mason,1270969797,00000000001333,Giza,534,Garcia PLC,4333.0,2024-07-30,Active,2026-05-01
1334,Sara White,1265946672,00000000001334,Giza,564,Kirk-Gomez,43166.0,2025-10-17,Pending,2026-05-01
1335,Emily Moore,1264304345,00000000001335,Giza,643,Washington LLC,39088.0,2024-10-27,Active,2026-05-01
1336,Kevin Huber,1161550932,00000000001336,Giza,631,"Whitney, Carpenter and Williams",45962.0,2025-12-28,Pending,2026-05-01
1337,Wendy Cochran,1226789741,00000000001337,Giza,648,"Harvey, Stephens and Mooney",7353.0,2025-10-13,Pending,2026-05-01
1338,Brandon Ellis,1213407040,00000000001338,Giza,606,Hopkins LLC,26753.0,2026-01-06,Active,2026-05-01
1339,John Silva,1266354734,00000000001339,Giza,623,"Murray, Craig and Freeman",43353.0,2024-11-01,Active,2026-05-01
1340,James Franklin,1098970506,00000000001340,Giza,835,Moore-Barnett,5713.0,2025-04-26,Pending,2026-05-01
1341,Jordan Harper,1024995141,00000000001341,Giza,712,"Rodgers, Smith and Brown",24995.0,2024-11-21,Pending,2026-05-01
1342,Joseph Sanchez,1160685408,00000000001342,Giza,555,"Harris, Best and Campbell",18145.0,2024-05-09,Pending,2026-05-01
1343,Darren Martin,1270250570,00000000001343,Giza,786,"Powell, Kelly and Gilbert",30505.0,2025-06-20,Active,2026-05-01
1344,Christopher Lamb,1236299604,00000000001344,Giza,691,Castro-Neal,9322.0,2026-03-03,Pending,2026-05-01
1345,Kyle Carney,1050225492,00000000001345,Giza,715,Hall-Willis,40869.0,2025-11-24,Active,2026-05-01
1346,James Morrow,1131266192,00000000001346,Giza,829,"Allen, Brown and Bridges",39082.0,2025-02-17,Active,2026-05-01
1347,Victoria Wallace,1283961886,00000000001347,Giza,562,"Gibson, Bryant and Holmes",5039.0,2024-08-21,Active,2026-05-01
1348,Brenda Dickerson,1050785690,00000000001348,Giza,815,"Bell, Mcgee and Reeves",29809.0,2026-03-27,Active,2026-05-01
1349,Emily Jones,1268685805,00000000001349,Giza,657,"Thompson, Harris and Sandoval",13739.0,2025-07-28,Active,2026-05-01
1350,David Chaney,1148614621,00000000001350,Giza,674,Barber-Small,9088.0,2025-01-04,Pending,2026-05-01
1351,Thomas Graves DVM,1267370470,00000000001351,Giza,473,Harris-Smith,7000.0,2025-01-20,Active,2026-05-01
1352,Shannon Mcmillan,1020286731,00000000001352,Giza,714,"Patel, Lawson and Marquez",26757.0,2025-07-28,Active,2026-05-01
1353,Lauren Dickerson,1169313714,00000000001353,Giza,675,Brooks-Martinez,37367.0,2024-07-29,Active,2026-05-01
1354,Grant Miller,1294696539,00000000001354,Giza,782,"Campos, Pittman and Sellers",8015.0,2024-09-29,Active,2026-05-01
1355,Joshua Turner,1095453672,00000000001355,Giza,708,Moreno-Clayton,21630.0,2024-07-06,Active,2026-05-01
1356,Jason Pham,1129926013,00000000001356,Giza,524,Williams Group,35099.0,2024-07-06,Active,2026-05-01
1357,Patricia Lopez,1074595585,00000000001357,Giza,599,Martin-Mcgee,22652.0,2025-07-29,Active,2026-05-01
1358,Joseph Jones,1011152560,00000000001358,Giza,813,Garcia-Ayala,9722.0,2025-03-24,Active,2026-05-01
1359,Darrell Williams,1052640010,00000000001359,Giza,846,Gonzalez-Morales,28885.0,2026-01-28,Rejected,2026-05-01
1360,Mary Charles,1199447756,00000000001360,Giza,587,Pierce Ltd,40043.0,2025-10-10,Active,2026-05-01
1361,Jason Kemp,1158433047,00000000001361,Giza,721,"York, Nelson and Taylor",47948.0,2025-05-12,Active,2026-05-01
1362,Diana Lowe,1039906408,00000000001362,Giza,680,"Flores, Silva and Lee",40220.0,2024-08-21,Active,2026-05-01
1363,Patricia Jackson,1162769370,00000000001363,Giza,623,"Burnett, Black and Schneider",10716.0,2026-02-08,Active,2026-05-01
1364,Andrew Parker,1093046658,00000000001364,Giza,841,"Ruiz, Salazar and Sparks",41915.0,2024-09-08,Rejected,2026-05-01
1365,Larry Orozco,1178110184,00000000001365,Giza,717,Armstrong and Sons,21428.0,2024-08-03,Active,2026-05-01
1366,Michael Brown,1147683501,00000000001366,Giza,665,"Reeves, Barry and Lynch",24775.0,2024-11-08,Active,2026-05-01
1367,Brianna Duncan,1033964977,00000000001367,Giza,808,Jackson Group,48753.0,2024-09-12,Active,2026-05-01
1368,Jill Bradley,1091679402,00000000001368,Giza,826,Russell-Chavez,43446.0,2026-02-25,Pending,2026-05-01
1369,Gabriela Smith MD,1269902097,00000000001369,Giza,520,"Todd, Walker and Meyer",44641.0,2024-08-10,Active,2026-05-01
1370,Rebecca Sanders,1111423119,00000000001370,Giza,746,Conley PLC,24298.0,2026-05-05,Active,2026-05-01
1371,Daniel Williams,1272521691,00000000001371,Giza,634,Lopez PLC,46783.0,2026-03-26,Active,2026-05-01
1372,Scott Williams,1135881493,00000000001372,Giza,540,King-Gomez,32025.0,2024-08-29,Pending,2026-05-01
1373,Amanda Hahn,1130716424,00000000001373,Giza,604,"Barrett, Clark and Lucas",40553.0,2025-10-21,Active,2026-05-01
1374,Jason Ruiz MD,1169639400,00000000001374,Giza,524,Miles Inc,4552.0,2025-10-24,Active,2026-05-01
1375,Reginald Roberts,1095658404,00000000001375,Giza,639,Moore-Harper,46746.0,2025-02-04,Rejected,2026-05-01
1376,Michael Turner,1239647588,00000000001376,Cairo,808,"Greer, Barr and Thornton",45378.0,2025-06-30,Active,2026-05-01
1377,Tiffany Thornton,1033464080,00000000001377,Cairo,621,Walker-Roth,31935.0,2024-07-10,Active,2026-05-01
1378,Angela Hoover,1079968028,00000000001378,Cairo,660,Armstrong-Williams,34894.0,2025-01-12,Active,2026-05-01
1379,Tanya Mills,1013349078,00000000001379,Cairo,692,"Williamson, Oliver and Fitzpatrick",6315.0,2025-08-24,Active,2026-05-01
1380,Katrina Morgan,1146539623,00000000001380,Cairo,589,Hess LLC,13407.0,2025-12-09,Active,2026-05-01
1381,Mark Livingston,1054773573,00000000001381,Cairo,765,Miller-Silva,34636.0,2024-05-19,Pending,2026-05-01
1382,Clayton Stewart,1171774825,00000000001382,Cairo,494,Valentine-Miller,26024.0,2025-01-24,Rejected,2026-05-01
1383,Angel Ross,1263866064,00000000001383,Cairo,837,"Cummings, Baker and Cox",16888.0,2025-02-02,Active,2026-05-01
1384,Keith Smith,1062213800,00000000001384,Cairo,591,Walker Ltd,13220.0,2025-12-05,Pending,2026-05-01
1385,Valerie Ward,1232481610,00000000001385,Cairo,479,Lucero-Murray,38797.0,2026-03-21,Active,2026-05-01
1386,Donald Wilkins,1291655742,00000000001386,Cairo,504,Friedman-Green,32151.0,2026-01-12,Active,2026-05-01
1387,Jonathan Hammond,1123870750,00000000001387,Cairo,484,"Bryant, King and Miller",49453.0,2025-09-27,Active,2026-05-01
1388,Cynthia Hubbard,1170246693,00000000001388,Cairo,461,Grant LLC,18688.0,2025-05-15,Pending,2026-05-01
1389,Ashley Cunningham,1068409287,00000000001389,Cairo,675,Holmes LLC,37713.0,2025-12-29,Active,2026-05-01
1390,Aaron Brown,1014663781,00000000001390,Cairo,808,"Sherman, Wood and Wright",4280.0,2025-06-28,Active,2026-05-01
1391,Kevin Johnston,1121098294,00000000001391,Cairo,572,Brown Inc,6101.0,2025-09-09,Active,2026-05-01
1392,Natasha Vargas,1258919403,00000000001392,Cairo,574,Vazquez-Rhodes,24910.0,2025-10-02,Active,2026-05-01
1393,Tammy Barron,1097211057,00000000001393,Cairo,797,Davis-Howard,15084.0,2025-12-28,Active,2026-05-01
1394,Kimberly Pittman,1069725464,00000000001394,Cairo,774,Bennett and Sons,12349.0,2025-10-26,Active,2026-05-01
1395,Tanya Sheppard,1253242671,00000000001395,Cairo,579,"Smith, Carrillo and Lee",21844.0,2025-11-16,Pending,2026-05-01
1396,Chase Elliott,1140365353,00000000001396,Cairo,519,Haynes PLC,19722.0,2025-11-06,Pending,2026-05-01
1397,Sandra Hall,1239425788,00000000001397,Cairo,783,"Horne, Miller and Brown",42652.0,2025-02-02,Active,2026-05-01
1398,Brandon Frye,1161015424,00000000001398,Cairo,509,Joseph-Harmon,35419.0,2025-01-03,Active,2026-05-01
1399,Barry Collins,1063142776,00000000001399,Cairo,650,Nunez-Carey,30779.0,2024-09-11,Rejected,2026-05-01
1400,Carol Cantu,1275157056,00000000001400,Cairo,519,"Crawford, Giles and Bell",43408.0,2025-10-31,Active,2026-05-01
1401,Jeffery Miller,1045781119,00000000001401,Cairo,817,Riley-Hicks,42787.0,2025-08-07,Pending,2026-05-01
1402,Bradley Johnson,1022881504,00000000001402,Cairo,710,"Zamora, Maynard and Yates",49718.0,2024-09-09,Active,2026-05-01
1403,Kevin Thompson,1236450113,00000000001403,Cairo,812,Burke-Duffy,26625.0,2024-12-19,Active,2026-05-01
1404,Denise Berg,1253059522,00000000001404,Cairo,555,Davidson-Thompson,18793.0,2024-09-16,Active,2026-05-01
1405,William Watts,1063942640,00000000001405,Cairo,543,Pena Ltd,30225.0,2025-06-08,Active,2026-05-01
1406,Jennifer Watson,1123816221,00000000001406,Cairo,626,Hall-Taylor,22087.0,2025-05-19,Active,2026-05-01
1407,Brian Steele,1242515852,00000000001407,Cairo,614,"Kirby, Winters and Harrell",31846.0,2026-01-03,Active,2026-05-01
1408,Wendy Stevenson,1259907971,00000000001408,Cairo,467,Bentley-Nolan,32013.0,2024-05-25,Pending,2026-05-01
1409,Christopher Myers,1185085599,00000000001409,Cairo,550,Anderson-Williams,4159.0,2025-01-21,Rejected,2026-05-01
1410,Jennifer Campos,1114424256,00000000001410,Cairo,741,Conner-Mcbride,26991.0,2025-04-26,Pending,2026-05-01
1411,Jessica Jacobs,1041213673,00000000001411,Cairo,531,Hill-Rhodes,11612.0,2024-05-24,Pending,2026-05-01
1412,Samantha Williams,1257019624,00000000001412,Cairo,630,Valencia LLC,41312.0,2026-02-09,Active,2026-05-01
1413,Christina Perez,1171698924,00000000001413,Cairo,480,Eaton-Flores,11904.0,2025-09-15,Active,2026-05-01
1414,Timothy Byrd,1281344038,00000000001414,Cairo,841,Fuller LLC,36662.0,2025-08-19,Active,2026-05-01
1415,Jessica Campbell,1038388200,00000000001415,Cairo,710,Gillespie-Brown,49353.0,2025-08-29,Active,2026-05-01
1416,Erik Castro,1181963352,00000000001416,Cairo,763,"Smith, Lewis and Rodriguez",13783.0,2024-12-02,Pending,2026-05-01
1417,Kimberly Ramirez,1145431222,00000000001417,Cairo,830,Taylor Group,40701.0,2024-07-22,Active,2026-05-01
1418,Kelly Morales,1135828964,00000000001418,Cairo,464,"Mckenzie, Kelley and Tucker",41470.0,2024-05-24,Pending,2026-05-01
1419,Robert Sullivan,1122516937,00000000001419,Cairo,463,"Rodriguez, Schneider and Duncan",32884.0,2024-06-01,Active,2026-05-01
1420,Kristina Harrell,1134082987,00000000001420,Cairo,826,"Martinez, Gonzales and Pena",39201.0,2025-06-03,Active,2026-05-01
1421,Michelle Thompson MD,1148232472,00000000001421,Cairo,714,"Miller, Washington and Parker",41905.0,2026-04-26,Active,2026-05-01
1422,Robert Williams,1083028194,00000000001422,Cairo,581,"Sawyer, Elliott and Riley",14683.0,2026-04-06,Rejected,2026-05-01
1423,Jennifer Johnson,1078963933,00000000001423,Cairo,704,"Walsh, Hill and Garcia",45476.0,2024-11-26,Active,2026-05-01
1424,Patricia Todd,1250096215,00000000001424,Cairo,512,Davis and Sons,21076.0,2024-12-26,Pending,2026-05-01
1425,Ryan George,1281671688,00000000001425,Cairo,763,Brooks-Miller,23595.0,2025-07-19,Pending,2026-05-01
1426,Felicia Moody,1139077538,00000000001426,Cairo,631,Myers-Donovan,4624.0,2025-04-24,Active,2026-05-01
1427,Julie Johnson,1191019110,00000000001427,Cairo,529,Jones-Woods,29060.0,2025-07-27,Active,2026-05-01
1428,Melissa Gregory,1187193694,00000000001428,Cairo,598,Clark-Lee,22918.0,2025-03-25,Active,2026-05-01
1429,Laura Rivas,1178178397,00000000001429,Cairo,654,Pittman Ltd,27809.0,2024-10-29,Rejected,2026-05-01
1430,Sarah Peters,1126468536,00000000001430,Cairo,467,Smith PLC,48410.0,2026-03-06,Pending,2026-05-01
1431,Joseph Hall,1153460192,00000000001431,Cairo,760,Sanchez LLC,42996.0,2026-01-06,Active,2026-05-01
1432,Yvonne Rodriguez,1115214836,00000000001432,Cairo,700,Mata-Simmons,12618.0,2024-12-06,Active,2026-05-01
1433,Sara Alexander,1035103709,00000000001433,Cairo,584,Knox PLC,28353.0,2026-04-26,Active,2026-05-01
1434,Kevin Wheeler,1182421368,00000000001434,Cairo,621,Morris-Davis,27175.0,2026-01-18,Active,2026-05-01
1435,Daniel Brooks,1134444467,00000000001435,Cairo,764,"Pugh, Delgado and Carter",31714.0,2025-03-06,Active,2026-05-01
1436,Kyle Jenkins,1072481793,00000000001436,Cairo,746,Pierce-Brown,35912.0,2026-03-13,Active,2026-05-01
1437,Danielle Valentine,1015886143,00000000001437,Cairo,489,Mann LLC,37353.0,2025-11-13,Active,2026-05-01
1438,Ronald Ewing,1273480500,00000000001438,Cairo,518,"Young, Short and Knight",31093.0,2024-11-20,Active,2026-05-01
1439,Patricia Richardson,1121151868,00000000001439,Cairo,847,Miller LLC,48209.0,2026-01-16,Active,2026-05-01
1440,Kimberly Riley,1053556153,00000000001440,Cairo,584,"Sharp, Jones and Park",8599.0,2025-09-03,Active,2026-05-01
1441,Aaron Mills,1118144806,00000000001441,Cairo,646,Parrish-Goodman,19443.0,2024-05-12,Rejected,2026-05-01
1442,Kristie Dickson,1185679594,00000000001442,Cairo,732,Murphy-Baker,6604.0,2024-09-05,Active,2026-05-01
1443,Anthony Roberts,1155081349,00000000001443,Cairo,787,Espinoza-Mcdaniel,11092.0,2024-07-25,Active,2026-05-01
1444,Scott Ho,1215358998,00000000001444,Cairo,518,"Ramos, Smith and Adams",34231.0,2024-09-09,Pending,2026-05-01
1445,Donna Compton,1244019590,00000000001445,Cairo,810,"Madden, Townsend and Arnold",43645.0,2024-05-16,Pending,2026-05-01
1446,Sara Allen,1147434202,00000000001446,Cairo,693,Alexander and Sons,35279.0,2026-02-20,Active,2026-05-01
1447,Pamela Bryan,1092147732,00000000001447,Cairo,557,Baker PLC,13669.0,2024-11-16,Active,2026-05-01
1448,Alexandria Smith DVM,1283827223,00000000001448,Cairo,553,"Russell, Henry and Johnson",43813.0,2025-11-26,Active,2026-05-01
1449,Natalie Porter,1225986818,00000000001449,Cairo,500,Hunt PLC,9730.0,2024-11-14,Pending,2026-05-01
1450,Joseph Harper,1234879639,00000000001450,Cairo,471,Porter Group,23501.0,2025-12-09,Active,2026-05-01
1451,Kenneth Phillips,1245165086,00000000001451,Cairo,791,Barry Group,48229.0,2025-08-18,Pending,2026-05-01
1452,Carlos Smith,1130923494,00000000001452,Cairo,709,"Porter, Roberts and Alvarez",40269.0,2026-02-05,Active,2026-05-01
1453,Brian Smith,1195519613,00000000001453,Cairo,735,Oconnor LLC,35415.0,2025-10-02,Active,2026-05-01
1454,Victoria Willis,1231828842,00000000001454,Cairo,707,"Kelly, Grant and Martinez",40113.0,2024-07-09,Active,2026-05-01
1455,Lauren Le,1250087843,00000000001455,Cairo,773,"Lopez, Hanna and Johnson",45568.0,2024-09-07,Active,2026-05-01
1456,Jeffrey Howell,1022548026,00000000001456,Cairo,718,"Anderson, Woods and Buckley",27246.0,2024-09-10,Active,2026-05-01
1457,Amanda Gonzalez MD,1214923749,00000000001457,Cairo,620,Osborn-Williamson,8383.0,2025-08-16,Active,2026-05-01
1458,Sandra Johnson,1138510644,00000000001458,Cairo,747,"White, Smith and Jones",41393.0,2026-03-07,Pending,2026-05-01
1459,Luke Mcknight,1273760398,00000000001459,Cairo,598,Davenport Ltd,33534.0,2025-05-11,Rejected,2026-05-01
1460,Bonnie Grimes,1067343395,00000000001460,Cairo,808,"Moore, Porter and Kim",12116.0,2025-04-07,Rejected,2026-05-01
1461,Janet Alexander,1115890114,00000000001461,Cairo,683,"Wilson, Thomas and Bernard",32601.0,2024-08-03,Active,2026-05-01
1462,Richard Hawkins,1192156140,00000000001462,Cairo,472,Tucker-Gibson,41927.0,2026-04-09,Rejected,2026-05-01
1463,Rita Tucker,1255164535,00000000001463,Cairo,618,Ray-Walker,42994.0,2025-02-12,Active,2026-05-01
